model_family,fourier_mode,regime,split,auc_mean,auc_std,acc_mean,acc_std,f1_mean,f1_std,precision_mean,precision_std,recall_mean,recall_std,specificity_mean,specificity_std,loss_mean,loss_std
clip,complex,finetune,celeb_df_frame,0.5292556143056474,0.05371475313460227,0.3436293436293436,0.0,0.5114942528735632,0.0,0.3436293436293436,0.0,1.0,0.0,0.0,0.0,0.7064259172463027,0.02358285463771858
clip,concat,finetune,celeb_df_frame,0.3948460527282074,0.019473280150831586,0.39858429858429856,0.030513739303806124,0.38479919750190444,0.029851356405357347,0.29700990063350485,0.0099982947524628,0.5519850187265918,0.08723191377500432,0.3182745098039215,0.08889550388688588,4.77216990881401,1.604996822793223
clip,concat_frequency,finetune,celeb_df_frame,0.4690185576852464,0.018546015959418242,0.35490347490347485,0.00934588043834688,0.47136168796252553,0.0023894541225454387,0.32809078851163687,0.0019012826768654337,0.8370037453183521,0.016120974439722782,0.10250980392156858,0.022010797392312806,3.4794483583451052,0.7652160811521259
clip,frequency_3,finetune,celeb_df_frame,0.45368511419549096,0.009246980053552671,0.38126126126126125,0.011162686788718387,0.45724608665692923,0.010559358964463762,0.3273150039526237,0.003222188907543766,0.7593258426966292,0.04360731271184553,0.1833333333333333,0.03865854227975616,1.7416883379953805,0.37531720748450287
clip,magnitude,finetune,celeb_df_frame,0.48458363075567307,0.011699960601700794,0.39299871299871303,0.01493603669643191,0.46926918990180655,0.0038822538245685814,0.3354983595354459,0.004072649729100909,0.7809737827715356,0.02113435059694648,0.18988235294117645,0.03250309777328414,1.7641191211391665,0.35657355404188884
clip,none,finetune,celeb_df_frame,0.3324471983549974,0.030974756699470744,0.3916559416559416,0.0416464879939376,0.2852823611239489,0.0594884024433377,0.23866400953708108,0.028910791470377725,0.3652933832709113,0.13639062441266633,0.40545751633986926,0.12426326783662121,3.4202271367682786,0.40770658263322995
clip,phase,finetune,celeb_df_frame,0.458619247998825,0.011254379742080581,0.4018018018018018,0.016530077391580595,0.4312033316123303,0.012757476225336479,0.32035136523018737,0.005572736808031907,0.6608239700374532,0.045635747416890804,0.2661960784313725,0.04585544711360328,1.255487723990542,0.23102312682217113
dino,complex,finetune,celeb_df_frame,0.5024589116545495,0.005449163772910175,0.34388674388674384,0.0005755644729729096,0.5114048163238266,0.00019998620488420813,0.34363732503267386,1.78469604022526e-05,0.9992509363295881,0.0016749572865167408,0.0007843137254901799,0.0017537788058821521,0.7110519856458805,0.005290550821621974
dino,concat,finetune,celeb_df_frame,0.35501600940001465,0.017863143465095783,0.3475933075933076,0.0207605315534528,0.3904173863018897,0.01847893393073268,0.2876148408477153,0.0064842155730083385,0.6101123595505618,0.06445485049107681,0.21015686274509798,0.06341938547826366,2.833595845689539,0.20243079840997377
dino,concat_frequency,finetune,celeb_df_frame,0.41230078578247775,0.028219964812386145,0.3384298584298584,0.0024053499721270084,0.49597178326810365,0.002095453829154811,0.33593389364919524,0.0009424464255549105,0.9472659176029963,0.009247979026620633,0.01968627450980388,0.00746335401882448,2.9108115347842762,0.34084704859405357
dino,frequency_3,finetune,celeb_df_frame,0.46554502460160097,0.02312171189584112,0.37068211068211065,0.00881872966066584,0.49557395439760554,0.004428138939345326,0.3420049437301297,0.002367770626951119,0.8997752808988764,0.022645397736217543,0.09368627450980385,0.02344527440582919,1.651956056473685,0.42731628771626506
dino,magnitude,finetune,celeb_df_frame,0.4889703752662113,0.010478485141152261,0.37495495495495496,0.020070330138114354,0.4912977676526459,0.007500386718592602,0.3411798732058259,0.004075748781426213,0.8789513108614232,0.04506568994996573,0.11109803921568624,0.052194921983034645,1.5925198085239676,0.310157665649759
dino,none,finetune,celeb_df_frame,0.3240640498396612,0.05435147081573417,0.3724581724581724,0.069769620585202,0.28987215835391666,0.065820694044374,0.23848531117590066,0.0372765418838525,0.38845193508114856,0.17060793223456858,0.36408496732026147,0.17450537190523888,2.8709383743708248,0.40239919152325543
dino,phase,finetune,celeb_df_frame,0.4231954835866931,0.013475153145048071,0.3673101673101673,0.014646956746931077,0.4562339794994634,0.006937784424974057,0.32380545461483773,0.0019950364213652773,0.7729588014981273,0.03842776937344819,0.1549411764705882,0.04180919107427546,1.5820541809328268,0.31975641378816977
mobilenet,complex,finetune,celeb_df_frame,0.4649016303150474,0.007376861581291205,0.5242213642213642,0.005182797487434094,0.3188357956855837,0.007255809197738304,0.31381671928314697,0.005474094234340438,0.32411985018726586,0.010885933857429184,0.6289803921568627,0.010556779710071724,2.459123179169952,0.3667417145354568
mobilenet,concat,finetune,celeb_df_frame,0.4511421752221487,0.01444128503105286,0.45009009009009004,0.020032496469846863,0.3867764520777023,0.017099880003591694,0.31381674323051556,0.00900212144179477,0.5058426966292136,0.0451870757798229,0.42090196078431374,0.04933401134232806,8.481843950538362,2.8396740941554777
mobilenet,concat_frequency,finetune,celeb_df_frame,0.45302136300212964,0.006186606082164324,0.4325611325611326,0.017882372289440725,0.4050171646279465,0.017643442764381737,0.3167604592547846,0.004561019668431186,0.5638951310861423,0.05658009680595144,0.36380392156862745,0.055723303071428844,4.754104353951627,2.0660816409138545
mobilenet,frequency_3,finetune,celeb_df_frame,0.4472999559374312,0.017136288729948775,0.4423938223938224,0.02592111332330382,0.3958122790921439,0.01100778335860023,0.3158694555954246,0.008301775737648523,0.5323595505617977,0.04305210456137766,0.39529411764705885,0.059981574769283515,4.417806273833162,1.953252265932861
mobilenet,magnitude,finetune,celeb_df_frame,0.46022405081882933,0.006289769606386815,0.4307335907335907,0.015100863850785157,0.4216322682630004,0.013623678194481249,0.3240314059577218,0.0035064482230396355,0.6050936329588015,0.0486441739940829,0.3394509803921569,0.04743728533532058,4.771642296335308,0.9773735250532708
mobilenet,none,finetune,celeb_df_frame,0.3819140265844165,0.012131199856154943,0.4137451737451737,0.021048944411031136,0.32418842965979383,0.008037500093934984,0.26869477137970565,0.004172960440982762,0.4096629213483146,0.02791380516399736,0.4158823529411764,0.04598509529021813,3.367456238191636,0.38567478181477594
mobilenet,phase,finetune,celeb_df_frame,0.46848406403760007,0.004500890146640549,0.5688545688545689,0.01700108727621993,0.26841297332346375,0.02798388410286273,0.3229267647904492,0.010063097838398169,0.23198501872659172,0.04028141687967991,0.7452156862745098,0.04561818539692381,1.6968689110923987,0.25974275685343406
resnet,complex,finetune,celeb_df_frame,0.4330092898582654,0.04327113308416492,0.438069498069498,0.07676838075240143,0.3732948147101295,0.04673071112238761,0.3090226062127585,0.01524627425199083,0.5016479400749063,0.14589603890525865,0.4047843137254901,0.1914890657028151,2.1464791554041573,0.5780771031663791
resnet,concat,finetune,celeb_df_frame,0.3853012704707351,0.03095950934202561,0.3426512226512226,0.01049935933902553,0.45555595095966916,0.024349906482387936,0.31826434676997695,0.012001588370648705,0.8029213483146067,0.07660224464197972,0.1016862745098039,0.043114655399160866,16.336223266987293,6.757607852072541
resnet,concat_frequency,finetune,celeb_df_frame,0.43440625688477635,0.023089961774053945,0.3371943371943371,0.00236962067432714,0.4919324062581228,0.003477156408702052,0.3339221064142729,0.0016550245486958424,0.9338576779026218,0.012981189122094356,0.02482352941176466,0.008070955993069284,28.850527163758375,16.28112803536414
resnet,frequency_3,finetune,celeb_df_frame,0.47841830799735624,0.013195938076131277,0.39979407979407977,0.018621667830505364,0.4716547054705278,0.006125928579609474,0.33826436959462036,0.00429095008508699,0.78,0.03647851632025096,0.20074509803921564,0.046106249425246576,7.850015005099847,3.6957502707708807
resnet,magnitude,finetune,celeb_df_frame,0.47365282367628697,0.017362590331420593,0.39711711711711706,0.024333277209475212,0.47173038315208426,0.0035818966060413493,0.33776679074775984,0.005808242116810521,0.7835205992509363,0.03692986453134465,0.19482352941176467,0.05583117711755157,8.460085215867633,1.7993088161581803
resnet,magnitude,scratch,celeb_df_frame,0.4584355952118675,0.023834624058564746,0.3796138996138996,0.03875942785267854,0.476117510127402,0.020382354610230264,0.33610782684593854,0.00399225568197568,0.8253932584269663,0.11156567232404925,0.14623529411764702,0.11640796824584858,4.941280037509032,2.923311057754597
resnet,none,finetune,celeb_df_frame,0.3292176764338694,0.026423257746363837,0.4108880308880309,0.053036447019748724,0.24723633594684916,0.03148965029119966,0.22195564973242327,0.008049031915305871,0.28606741573033706,0.06602678649145509,0.476235294117647,0.11429197990459061,4.410851148369371,0.5737274057084263
resnet,none,scratch,celeb_df_frame,0.4648125504883601,0.008046668854105075,0.5624967824967825,0.015852752959858513,0.22339482720922219,0.027094646151515057,0.2869202537679228,0.011647822248972248,0.18456928838951306,0.03399214291765649,0.7603529411764706,0.040611767356614245,3.931573646027367,0.08085159159981747
resnet,phase,finetune,celeb_df_frame,0.4281147829918484,0.003592062045929364,0.4036808236808237,0.013784919326380238,0.4013247708902864,0.018051809881379142,0.30638575133987783,0.005537638605357724,0.5834456928838951,0.055648801657826485,0.30956862745098035,0.049888842221875014,2.5485010344718324,1.3428814805765346
resnet,phase,scratch,celeb_df_frame,0.43665992264571246,0.008371688595268748,0.3812097812097812,0.00767790926037304,0.44340760932071405,0.00234570894193453,0.32090944601455135,0.0008091359102919789,0.7173533083645444,0.01548920467546335,0.20522875816993458,0.019765380214661094,3.01080214720769,1.5951698952239761
vit,complex,finetune,celeb_df_frame,0.4998219211280017,0.012762003950450025,0.3436293436293436,0.0,0.5114942528735632,0.0,0.3436293436293436,0.0,1.0,0.0,0.0,0.0,0.6950226835295802,0.011210400849163112
vit,concat,finetune,celeb_df_frame,0.45186032165675255,0.01458993714079078,0.34383526383526386,0.009745413057847041,0.4767470355364251,0.004809112218784392,0.32837381272486976,0.0027164558291536555,0.8700374531835205,0.021843587986518757,0.06835294117647053,0.023857838604929963,2.2540711791788945,0.10244779031222019
vit,concat_frequency,finetune,celeb_df_frame,0.4893320261437909,0.0033298326312717567,0.3389189189189189,0.001399817290211455,0.5001425801969752,0.0017014180661953713,0.33785412802556136,0.0008829092162064419,0.9624719101123596,0.00595376048844475,0.01247058823529408,0.0035364852864770363,2.0010106823972014,0.24936592079350528
vit,frequency_3,finetune,celeb_df_frame,0.4586577954028053,0.01498673731217527,0.3735135135135135,0.013396379024526077,0.5011225363546679,0.002596951743415268,0.34501238008972795,0.0033260033847990833,0.9156554307116105,0.018356645456317135,0.08968627450980386,0.029213251642207835,1.685372967633312,0.39548980612929513
vit,magnitude,finetune,celeb_df_frame,0.4694236395681868,0.01791263763064927,0.36970398970398965,0.014776041542293677,0.4923849807186126,0.004418839698645461,0.3404769325454974,0.002432704297086445,0.8898876404494382,0.03312648864193131,0.09737254901960778,0.03910440092205107,1.5518800970960835,0.277277068202996
vit,none,finetune,celeb_df_frame,0.34962206555531067,0.03509129521915339,0.3512441012441012,0.026725587062444347,0.38192808022457564,0.04711714260252744,0.2835077674409325,0.021603709672290094,0.5929463171036206,0.12802622696163884,0.22470588235294112,0.10086568775629963,1.8355867378973487,0.2435736800741786
vit,phase,finetune,celeb_df_frame,0.47341692002643754,0.01294497029813501,0.3454054054054054,0.003993231304942971,0.5111001749469923,0.00041483599640113777,0.34378574333885586,0.0005922213134451389,0.9957303370786518,0.007493445166395902,0.004941176470588201,0.009988844219565753,1.0176090148140173,0.1857698905666242
xception,complex,finetune,celeb_df_frame,0.46310259234780055,0.010710090868359251,0.3437837837837837,0.00021147589092865537,0.5115530622167381,8.053658208605807e-05,0.3436824342983309,7.270779150236413e-05,1.0,0.0,0.00023529411764702,0.0003221897397088833,1.9902468843538255,1.4777992639481756
xception,concat,finetune,celeb_df_frame,0.445882037159433,0.011160470052266296,0.3475160875160875,0.005022933711258848,0.4720637719175408,0.007168681638617934,0.32691947779931846,0.004101595100339425,0.849063670411985,0.01931110258651203,0.0849411764705882,0.007077046195465233,4.7203724444309465,0.833137556192904
xception,concat_frequency,finetune,celeb_df_frame,0.4772377395902181,0.01211511974953289,0.3562676962676962,0.006048495289867907,0.48814693282328303,0.0034718220117332796,0.33584173637216963,0.002109703889316263,0.8933333333333333,0.01341639740958091,0.07509803921568627,0.013749978155237626,1.7446259794787307,0.3085076894985774
xception,frequency_3,finetune,celeb_df_frame,0.46363649115076744,0.007207449031479773,0.40422136422136423,0.011451925192125996,0.4602048981118415,0.00798245554676238,0.3341962377069301,0.0024859626169709374,0.739625468164794,0.035733359901655874,0.22862745098039214,0.03514319583879553,2.2512359908736146,0.7771356087017303
xception,magnitude,finetune,celeb_df_frame,0.48556796651244766,0.013387237839465499,0.4146203346203346,0.01780686162537706,0.4663313580146847,0.006939748295373928,0.33970675110880894,0.0043274787669826354,0.7447191011235954,0.036076379267404375,0.2418039215686274,0.044447438384356656,1.9485809672929224,0.4094309461001829
xception,none,finetune,celeb_df_frame,0.3939495630461923,0.011895531601092758,0.34416988416988414,0.006801896165006952,0.4594433155991283,0.008053587374700943,0.32048679392819446,0.004754257318123752,0.8112359550561798,0.02114198206352688,0.09964705882352935,0.011106938855253193,2.6837891279673967,0.20039515500596186
xception,phase,finetune,celeb_df_frame,0.4617567893074832,0.009281784111483607,0.3519691119691119,0.005185193861413877,0.4941321686475894,0.007912695792627166,0.33763525110315945,0.0026691149901236547,0.9215730337078651,0.03580022844229689,0.05376470588235288,0.026139689220736912,1.1727164153192864,0.2183352368233798
