model_family,fourier_mode,seed,test_auc,test_acc,test_d_auc,test_d_acc,df40_auc,celeb_video_auc,elapsed_min,cached
clip,srm,42,0.8943,0.787,0.8327,0.7171,0.8153,0.6707,571.7,False
mobilenet,srm,42,0.8329553169989344,,0.7408631709027379,,0.7429533734955873,0.713995373430271,0.0,True
resnet,srm,42,0.8443045750514172,,0.7623877276294887,,0.6787368373300493,0.6551718440185063,0.0,True
xception,srm,42,0.7590856722459469,,0.6868610858778829,,0.6807246596545599,0.6370125578321216,0.0,True
vit,srm,42,0.8096888003668752,,0.7536972696660998,,0.7522055248856833,0.6090713813615334,0.0,True
clip,srm,123,0.8922,0.8021,0.8333,0.7349,0.8045,0.6024,492.4,False
dino,srm,123,0.927,0.8432,0.8598,0.7599,0.8126,0.7589,346.3,False
mobilenet,srm,123,0.8311,0.7386,0.7506,0.6689,0.7254,0.671,571.1,False
resnet,srm,123,0.8431,0.7366,0.7621,0.6664,0.6798,0.5972,559.3,False
xception,srm,123,0.7557,0.6898,0.6875,0.6477,0.699,0.6032,575.9,False
vit,srm,123,0.8206680444463579,,0.7685071098590031,,0.7522712448785511,0.610822868473232,0.0,True
clip,srm,2024,0.9008497789919272,,0.831180130546635,,0.8360166095363207,0.6825346992729675,0.0,True
dino,srm,2024,0.9186669826684412,,0.849462358611177,,0.802546892980353,0.7212326503635162,0.0,True
mobilenet,srm,2024,0.8202,0.7298,0.7338,0.6598,0.7406,0.6954,567.7,False
resnet,srm,2024,0.8425,0.7536,0.7614,0.6882,0.6238,0.6648,582.2,False
