family,seed,test_auc,test_acc,test_d_auc,test_d_acc,df40_auc,celeb_video_auc
clip,42,0.8942737574315528,0.787020396049399,0.8326756997267964,0.7170989354042661,0.8152502307847286,0.6706543291473893
clip,123,0.8922236041615574,0.8021456797858717,0.8333013300008252,0.7349337994031229,0.8044806293290544,0.6024454725710509
clip,2024,0.9008497789919272,0.7880151912370086,0.831180130546635,0.7203251496314861,0.8360166095363207,0.6825346992729675
clip,7,0.8982609795020022,0.8083727678939472,0.8387574483051753,0.7382534474324941,0.7884014577439646,0.6832121612690019
clip,2025,0.8932302049763206,0.7961164514941165,0.8378602423100353,0.7359835556508214,0.8048642264649448,0.6254791804362194
dino,42,0.9126379386640892,0.808328799045876,0.847167619829419,0.7260795726227968,0.7951831784935155,0.831906807666887
dino,123,0.926951626007842,0.8431631189302379,0.8598398118540233,0.7598806245774868,0.8126428929839977,0.7589226701916721
dino,2024,0.9186669826684412,0.8214535001951118,0.849462358611177,0.746250281675433,0.802546892980353,0.7212326503635162
dino,7,0.933504581652564,0.8274827284868671,0.8434387863144913,0.7453818969260279,0.7822143247585582,0.7363516192994052
dino,2025,0.9220895049705264,0.8179195040313938,0.8576051448434494,0.7518563098045035,0.8471853960836091,0.728354263053536
vit,42,0.8096888003668752,0.721402386409229,0.7536972696660998,0.6743282384430631,0.7522055248856833,0.6090713813615334
vit,123,0.8206680444463579,0.7360440128169192,0.7685071098590031,0.6919267698835375,0.7522712448785511,0.610822868473232
vit,2024,0.8151848691826789,0.7292618180019457,0.7693580008154464,0.6792032844729509,0.7399564344298825,0.6257600793126239
vit,7,0.8215154624896361,0.7359450829087592,0.7658208110627932,0.6881454489494193,0.7526295726039629,0.6411764705882352
vit,2025,0.8241847704211124,0.7358736335306435,0.7651484593840927,0.6841662681989811,0.733295512201513,0.652048909451421
mobilenet,42,0.8329553169989344,0.7383688656586809,0.7408631709027379,0.6639955591463448,0.7429533734955873,0.713995373430271
mobilenet,123,0.8310596299752335,0.7386216865350899,0.7506478850014398,0.6689420545543483,0.7253730231974489,0.6709682749504297
mobilenet,2024,0.8202068088761183,0.729805932496826,0.7338296807309921,0.6598459991096308,0.7406364956088664,0.6953734302709847
mobilenet,7,0.828400209500339,0.7336916794451132,0.7357561651210942,0.6604725551946445,0.7475305537762831,0.7383344348975547
mobilenet,2025,0.8289506507690205,0.7331200844201883,0.7394133938761376,0.6579223620065184,0.7259253705304263,0.7182419035029742
resnet,42,0.8443045750514172,0.7471021781068113,0.7623877276294887,0.6757297454753307,0.6787368373300493,0.6551718440185063
resnet,123,0.8431102534096122,0.7365551506757463,0.7620633415594049,0.6664468224263109,0.679826676251144,0.5971579643093192
resnet,2024,0.842475340071976,0.7535655987732691,0.7613850710531431,0.6882278905395527,0.6237571737545817,0.6648215465961665
resnet,7,0.8342265433860934,0.7342742666820558,0.748056567104541,0.6556689585428723,0.6988790958126554,0.700941837409121
resnet,2025,0.8219161913332248,0.716593293651448,0.7370177571582102,0.6495298081309392,0.7206193638272147,0.6693324520819564
xception,42,0.7590856722459469,0.6946308540399128,0.6868610858778829,0.649744156265286,0.6807246596545599,0.6370125578321216
xception,123,0.7557455486880412,0.6898217612821316,0.6874530937361671,0.6477215892540136,0.6990426879909901,0.6031559814937211
xception,2024,0.7524835410078763,0.6882773554936328,0.6784234565239392,0.6449130790834694,0.6953601392150889,0.5726040978189029
xception,7,0.7460334929615369,0.6847268710118881,0.6770535396428299,0.6422584598811741,0.6916108290797578,0.5932088565763384
xception,2025,0.7520715871146723,0.690003132780425,0.681953794863509,0.6457704716208567,0.6639265871719976,0.6019828155981495
