model_family,fourier_mode,seed,test_auc,test_acc,test_d_auc,test_d_acc,df40_auc,celeb_video_auc,celeb_frame_auc
mobilenet,srm_only,42,0.7856556929398858,0.6987969023946534,0.6668261293023139,0.6278091971837952,0.6764404613475159,0.7336252478519497,0.6517311081736064
mobilenet,srm_only,123,0.7857951275969959,0.7006985550737302,0.674987641960551,0.6277102672756352,0.6866714647631007,0.7507435558493061,0.6586457736652713
mobilenet,srm_only,2024,0.7790393443265418,0.6949111554463663,0.6641636639539051,0.6193946588841805,0.6790383292210743,0.7670191672174487,0.6693142762723067
mobilenet,srm_only,7,0.7586994854505229,0.6840398577607765,0.6573406327027956,0.6185152819227577,0.6164833747618239,0.6738433575677463,0.6142821473158553
resnet,srm_only,42,0.8132268479895317,0.7340159496996378,0.7221870190346701,0.6587687623318879,0.6423612524684862,0.7282385988103106,0.651441653815084
resnet,srm_only,123,0.8208292708416554,0.7350986825833896,0.7240883072523543,0.6618520778028767,0.6582539706249367,0.7412756113681428,0.6668010575016524
resnet,srm_only,2024,0.8211347579608486,0.7360275244988925,0.7234830062065415,0.6603736252864846,0.6398360036412684,0.7357237276933245,0.6646369244326944
xception,srm_only,42,0.713704915607716,0.660192253788191,0.6351354827433711,0.6127718511434649,0.640667372127427,0.7291639127561138,0.654914077990747
xception,srm_only,123,0.7199770611254293,0.6604285863465734,0.6340671431368753,0.6125465107971002,0.632147919741749,0.766969596827495,0.6785368656826027
xception,srm_only,2024,0.7277174469241856,0.6622148207994636,0.6386313038099238,0.6162234057170495,0.6621243558944423,0.7402511566424322,0.6567971285892635
vit,srm_only,42,0.6593199971557717,0.5801579580866956,0.6048627971818872,0.5711498403381204,0.4788280415152495,0.5079312623925976,0.5141213556583683
vit,srm_only,123,0.6576723379915586,0.5781079105453786,0.6081035507668592,0.5710344221119337,0.3990987558175373,0.4983972240581625,0.5111913049864141
vit,srm_only,2024,0.6585895015515195,0.5816968677691855,0.6183712033798425,0.5726887500206104,0.3458152343011306,0.4831460674157303,0.4978025629727546
clip,srm_only,42,0.6433992776743216,0.608309013064244,0.5925693938813689,0.5796083474858063,0.3515773107444004,0.5407964309319233,0.5465224719101124
clip,srm_only,123,0.6551745179217947,0.6075780309650612,0.5997572135885338,0.5841261466251161,0.3293714867912577,0.5622769332452081,0.5634984945288977
clip,srm_only,2024,0.6675596599003425,0.6113428635811528,0.6168639420237015,0.592227406882224,0.317658456044552,0.5520323859881031,0.5418997943746787
dino,srm_only,42,0.801209387933569,0.7226719868972833,0.7163860434107859,0.6625445871599971,0.6308644517255493,0.7831295439524125,0.7122020635969744
dino,srm_only,123,0.7822423578679489,0.7129383831555343,0.6989243209831104,0.658092741292794,0.5966656809481304,0.7421183079973562,0.6805192039362562
