auc,acc,f1,precision,recall,specificity,loss,threshold,model_family,fourier_mode,regime,seed,run_name
0.7974175443515579,0.7359590884622286,0.7698443731915227,0.7412650602409638,0.8007157963234098,0.6563312662532507,1.4187515994364566,0.5,clip,none,finetune,7,
0.7523702072446375,0.7228602189126144,0.7566758566364711,0.7335064141722664,0.7813567593948267,0.6509301860372074,1.610372008247809,0.5,clip,none,finetune,42,
0.7803725703657081,0.7144267001614929,0.7433685398693864,0.7368925831202046,0.7499593297543518,0.6707341468293658,1.9970002282749524,0.5,clip,none,finetune,123,
0.826250169506815,0.7759734433877624,0.8022491486497189,0.7816358024691358,0.823979176834228,0.7169433886777355,0.9947264302860608,0.5,clip,none,finetune,987,
0.721251928928164,0.6976493809438363,0.7371294851794071,0.7080773265397872,0.7686676427525623,0.6103220644128826,2.0624739866365087,0.5,clip,none,finetune,2024,
0.7059019905494032,0.6837430468329445,0.7420039522798799,0.6744278871740287,0.8246299007646006,0.510502100420084,1.8618043552745471,0.5,clip,none,finetune,2025,
0.479697550051738,0.5040373228063879,0.6197551245013069,0.5368847574782505,0.7328778265820726,0.2226445289057811,1.533431435173208,0.5,clip,magnitude,finetune,7,
0.4887735152366409,0.5024223936838328,0.6269339432261536,0.5344649615781626,0.7580933788840084,0.1880376075215043,1.5350063849579203,0.5,clip,magnitude,finetune,42,
0.4633927761638223,0.5395657635026019,0.6636959370904325,0.5556896740919566,0.823816495851635,0.1900380076015203,1.6993015652353114,0.5,clip,magnitude,finetune,123,
0.5213146745177895,0.5324780190202764,0.646496167152839,0.5544565976262509,0.7751748820562876,0.2340468093618724,1.543931564146822,0.5,clip,magnitude,finetune,2024,
0.4605561587345939,0.5018840839763143,0.624204683904156,0.5344847571577606,0.7501220107369448,0.1966393278655731,1.844610334797339,0.5,clip,magnitude,finetune,2025,
0.4683760894036624,0.4889646509958729,0.5485098287888396,0.534858556191065,0.5628761997722467,0.3980796159231846,1.4103775796565143,0.5,clip,phase,finetune,7,
0.5310214149548634,0.501345774268796,0.5021497671085633,0.5587004185768387,0.455994794208557,0.5571114222844569,1.2778777839107949,0.5,clip,phase,finetune,42,
0.5345418847882152,0.5426161851785394,0.6040695868282075,0.5779462030019319,0.6326663413047015,0.4318863772754551,1.4993294057520954,0.5,clip,phase,finetune,123,
0.5028678909687908,0.5206352054548717,0.564937708655647,0.5655363547440495,0.5643403286155848,0.4668933786757351,1.18289835547859,0.5,clip,phase,finetune,2024,
0.5529848445693694,0.5392068903642563,0.5661429295489103,0.5888244596731682,0.5451439726695949,0.5319063812762552,1.1347743286327885,0.5,clip,phase,finetune,2025,
0.5198794435965443,0.5514085770680065,0.7108155002891845,0.5514672888809118,0.9996746380348136,0.0002000400080016,0.9545993730425836,0.5,clip,complex,finetune,7,
0.458704560173463,0.5515880136371792,0.7109646079111728,0.5515477792732167,1.0,0.0002000400080016,1.0374478433619847,0.5,clip,complex,finetune,42,
0.5,0.5514982953525929,0.7109234950558029,0.5514982953525929,1.0,0.0,0.693147477101196,0.5,clip,complex,finetune,123,
0.5,0.5514982953525929,0.7109234950558029,0.5514982953525929,1.0,0.0,0.693147477101196,0.5,clip,complex,finetune,2024,
0.3826889015349841,0.5514982953525929,0.7109234950558029,0.5514982953525929,1.0,0.0,1.0539124675772409,0.5,clip,complex,finetune,2025,
0.7940791346816622,0.737394581015611,0.7713459885946411,0.7419597234746017,0.8031560110623068,0.6565313062612522,1.7559131424535404,0.5,clip,concat,finetune,7,seed_7
0.7689874561865357,0.7058137448411986,0.7417906921804867,0.7188644688644689,0.7662274280136652,0.6315263052610522,1.4944780286062846,0.5,clip,concat,finetune,42,seed_42
0.7243474398474944,0.6845505113942222,0.7189897698209718,0.7066771406127258,0.7317390597039206,0.6265253050610122,2.299576558850028,0.5,clip,concat,finetune,123,seed_123
0.7402009277729956,0.6891261439081284,0.7127580203929371,0.7266734279918864,0.6993655441678868,0.6765353070614123,1.8460326926274733,0.5,clip,concat,finetune,2024,seed_2024
0.7972041943771868,0.7415216221065853,0.7702368609936997,0.7554755944931164,0.7855864649422483,0.6873374674934987,2.3756561021913183,0.5,clip,concat,finetune,2025,seed_2025
0.5028228355936357,0.5153418266642742,0.6355909336211549,0.5429295839575891,0.7663901089962584,0.2066413282656531,1.255126871845939,0.5,clip,frequency_3,finetune,7,seed_7
0.4345984700437728,0.4936300017943656,0.6231806649752971,0.5284792209262824,0.7592321457621604,0.1670334066813362,1.5191157257015055,0.5,clip,frequency_3,finetune,42,seed_42
0.4557050176913534,0.4848376099048986,0.6194326617179216,0.5226484733251314,0.7602082316577192,0.1462292458491698,1.5489625565030358,0.5,clip,frequency_3,finetune,123,seed_123
0.4826813093218936,0.5051139422214247,0.6148582600195504,0.5385932721712539,0.7162843663575728,0.2454490898179636,1.1126104627143254,0.5,clip,frequency_3,finetune,2024,seed_2024
0.4866963143726842,0.4883366230037682,0.6096242042576494,0.5262349326400378,0.7244184154872295,0.1980396079215843,1.5927436378869144,0.5,clip,frequency_3,finetune,2025,seed_2025
0.5756949014660586,0.5890902565942939,0.6512867367138724,0.612136825533133,0.6957865625508378,0.4578915783156631,1.7384853051467375,0.5,clip,concat_frequency,finetune,7,seed_7
0.6169574894318379,0.6010227884442849,0.6486529193331754,0.630568356374808,0.6678054335448186,0.5189037807561512,1.7759984934871846,0.5,clip,concat_frequency,finetune,42,seed_42
0.6150183021800391,0.6112506728871344,0.6556465071922435,0.6409260410192666,0.6710590531966814,0.5377075415083017,1.6373892629688436,0.5,clip,concat_frequency,finetune,123,seed_123
0.5863590971000447,0.5877444823254979,0.6419387516558872,0.6160634160933294,0.6700829673011225,0.4864972994598919,1.8440086489373988,0.5,clip,concat_frequency,finetune,2024,seed_2024
0.5754243739588979,0.5772474430288893,0.6326212381100889,0.6074262614163797,0.6599967463803481,0.4754950990198039,2.2211527011611243,0.5,clip,concat_frequency,finetune,2025,seed_2025
0.667338608440738,0.6434595370536516,0.690015600624025,0.6628203206953395,0.7195379860094355,0.5499099819963993,1.9296517019922084,0.5,dino,none,finetune,7,
0.717114156522536,0.656378970034093,0.7019919078742608,0.6727815063385533,0.7338539124776313,0.5611122224444889,1.775758358565244,0.5,dino,none,finetune,42,
0.7226515255873689,0.6261439081284765,0.6686809254989267,0.6539657853810265,0.6840735318041321,0.5549109821964393,1.7072586146267978,0.5,dino,none,finetune,123,
0.7516716292664747,0.6821281177103894,0.7318955732122588,0.6842105263157895,0.7867252318204002,0.5535107021404281,1.0740337053483182,0.5,dino,none,finetune,987,
0.7277711276759988,0.670554458998744,0.7208878078443296,0.6765587102297047,0.7714332194566456,0.546509301860372,1.5825813168829137,0.5,dino,none,finetune,2024,
0.7380941781328446,0.6752198097972367,0.7107702141259188,0.6983827916470403,0.7236050105742639,0.6157231446289257,1.502953433177688,0.5,dino,none,finetune,2025,
0.4660913311668352,0.5191997129014894,0.6337229170938419,0.5464403583215465,0.7541890353017732,0.2302460492098419,1.7118663489818573,0.5,dino,magnitude,finetune,7,
0.4856850335416033,0.5608289969495783,0.6714544600308745,0.571526508226691,0.8137302749308606,0.2498499699939988,1.6327125145630403,0.5,dino,magnitude,finetune,42,
0.5255051335629091,0.5490759016687601,0.6647545357524013,0.5633691351045789,0.810639336261591,0.2274454890978195,1.3825350268320604,0.5,dino,magnitude,finetune,123,
0.4881394531712589,0.5366050601112506,0.6642833929151771,0.5531500324745616,0.8312998210509192,0.1742348469693938,1.1703143607486377,0.5,dino,magnitude,finetune,2024,
0.4569373285751993,0.5330163287277947,0.6526062871254088,0.5533046627433228,0.7953473238978364,0.2104420884176835,1.493011087179184,0.5,dino,magnitude,finetune,2025,
0.4865209417351178,0.5287995693522339,0.6473747817913253,0.5511603978506917,0.7842850170815032,0.2146429285857171,1.681185544891791,0.5,dino,phase,finetune,7,
0.5193840785401265,0.5320294275973443,0.6300184423322457,0.5585460948308388,0.7224662436961119,0.2978595719143829,1.2940882701765408,0.5,dino,phase,finetune,42,
0.5433918083437739,0.55580477301274,0.6697351744379961,0.5676164631388512,0.816658532617537,0.2350470094018803,1.3237667043100705,0.5,dino,phase,finetune,123,
0.5478142155192061,0.5509599856450744,0.6491412548194883,0.5703375215570338,0.7532129494062144,0.3022604520904181,1.3630882366137071,0.5,dino,phase,finetune,2024,
0.5061227635147982,0.5423470303247802,0.6552213585670835,0.5604764107308048,0.7885147226289246,0.2396479295859171,1.8014624200083995,0.5,dino,phase,finetune,2025,
0.5,0.5514982953525929,0.7109234950558029,0.5514982953525929,1.0,0.0,1.022349075160243,0.5,dino,complex,finetune,7,
0.5,0.5514982953525929,0.7109234950558029,0.5514982953525929,1.0,0.0,1.0397212173451076,0.5,dino,complex,finetune,42,
0.5,0.4485017046474071,0.0,0.0,0.0,1.0,1.006715959445997,0.5,dino,complex,finetune,123,
0.5,0.5514982953525929,0.7109234950558029,0.5514982953525929,1.0,0.0,1.0194855853915217,0.5,dino,complex,finetune,2024,
0.5,0.5514982953525929,0.7109234950558029,0.5514982953525929,1.0,0.0,1.030994552102956,0.5,dino,complex,finetune,2025,
0.7711338265700969,0.7248340211735151,0.7594698455023136,0.7331920048455481,0.787701317715959,0.6475295059011802,1.380869213830341,0.5,dino,concat,finetune,7,seed_7
0.743729956337778,0.682935582271667,0.7241217798594848,0.6960828455650608,0.7545143972669595,0.5949189837967593,1.472832583568313,0.5,dino,concat,finetune,42,seed_42
0.7810024669648425,0.7069800825408218,0.7472527472527473,0.712619926199262,0.7854237839596551,0.6105221044208842,1.1993145495653152,0.5,dino,concat,finetune,123,seed_123
0.7536127039951668,0.6919971290148932,0.7245888487765744,0.7147831592276037,0.734667317390597,0.6395279055811163,1.4931016557595946,0.5,dino,concat,finetune,2024,seed_2024
0.7295539146872811,0.683832765117531,0.730704569769219,0.6890041792765528,0.7777777777777778,0.5683136627325465,1.5231844037771225,0.5,dino,concat,finetune,2025,seed_2025
0.512813787745348,0.5577785752736407,0.6745030707257479,0.5676967541129391,0.8308117781031398,0.2220444088817763,1.7151498252695256,0.5,dino,frequency_3,finetune,7,seed_7
0.5172728868207349,0.5535618158980801,0.667379679144385,0.56643594689663,0.8121034651049293,0.2356471294258851,1.177888104861433,0.5,dino,frequency_3,finetune,42,seed_42
0.462792639868465,0.5191099946169029,0.6575079872204472,0.5414079764284963,0.8369936554416789,0.1282256451290258,1.570687391541221,0.5,dino,frequency_3,finetune,123,seed_123
0.5274239978953982,0.5808361744123453,0.6997815190849506,0.5783324482209241,0.8857979502196194,0.2058411682336467,1.2269950834187595,0.5,dino,frequency_3,finetune,2024,seed_2024
0.4814155119945414,0.5418087206172618,0.6648290345868609,0.5572057205720572,0.823979176834228,0.1948389677935587,1.4185128252614627,0.5,dino,frequency_3,finetune,2025,seed_2025
0.7161545697784425,0.652790238650637,0.7357279431849222,0.6339884665175944,0.8763624532292175,0.377875575115023,1.4148417304862628,0.5,dino,concat_frequency,finetune,7,seed_7
0.6553165684381386,0.6584424905795802,0.7417757579868413,0.636109818520242,0.8895396128192614,0.3742748549709942,1.5638554231687023,0.5,dino,concat_frequency,finetune,42,seed_42
0.7621581580021878,0.6812309348645254,0.7499824079938077,0.6608382936507936,0.8669269562388157,0.4528905781156231,1.4965797046368772,0.5,dino,concat_frequency,finetune,123,seed_123
0.6893544480817426,0.6684909384532568,0.7452602550844536,0.6466858100023929,0.879290710915894,0.4092818563712742,1.200394180687991,0.5,dino,concat_frequency,finetune,2024,seed_2024
0.7034514923157074,0.66741431903822,0.7448551173515039,0.6455499880696731,0.8802667968114527,0.4056811362272454,1.4255154911767354,0.5,dino,concat_frequency,finetune,2025,seed_2025
0.6887234775733413,0.6646330522160416,0.6788659793814433,0.7192790824685964,0.6427525622254758,0.6915383076615323,2.9288405139337885,0.5,mobilenet,none,finetune,7,
0.6983404815012132,0.6645433339314553,0.6857190888459276,0.709391304347826,0.6635757279973971,0.6657331466293258,3.0895491283048284,0.5,mobilenet,none,finetune,42,
0.7018102335287295,0.6630181230934864,0.6802315681934276,0.7135202714770494,0.6499105254595737,0.6791358271654331,2.931303094733845,0.5,mobilenet,none,finetune,123,
0.7303984141549311,0.6891261439081284,0.7119940154600615,0.727906186267845,0.6967626484463966,0.6797359471894379,1.068014139478857,0.5,mobilenet,none,finetune,987,
0.7006270621295236,0.6614929122555177,0.6775489274420989,0.7137198415556356,0.6448674149991866,0.6819363872774555,2.624359080737287,0.5,mobilenet,none,finetune,2024,
0.7023843356600391,0.6718105149829535,0.6892626571525654,0.7212444444444445,0.6599967463803481,0.6863372674534907,3.044641284780069,0.5,mobilenet,none,finetune,2025,
0.4621624991990427,0.4793647945451283,0.5490013212092951,0.5255952380952381,0.5745892305189524,0.3622724544908982,3.655859054489569,0.5,mobilenet,magnitude,finetune,7,
0.4222829924696506,0.4419522698726,0.496274700356333,0.4941138526044186,0.4984545306653652,0.3724744948989797,3.307937427000566,0.5,mobilenet,magnitude,finetune,42,
0.4681173098130282,0.4837609904898618,0.554368029739777,0.5290465631929047,0.5822352367008297,0.3626725345069014,2.029476744207469,0.5,mobilenet,magnitude,finetune,123,
0.4585789453319328,0.4642024044500269,0.5046449900464499,0.5148079201218481,0.4948755490483162,0.4264852970594119,4.335276359861547,0.5,mobilenet,magnitude,finetune,2024,
0.4429109833679767,0.4624080387582989,0.5260243632336655,0.5119322555812164,0.5409142671221734,0.3658731746349269,3.6140751486474816,0.5,mobilenet,magnitude,finetune,2025,
0.4945988221558416,0.4694957832406244,0.3752773375594295,0.5352622061482821,0.2889214250854075,0.6915383076615323,1.8720280704173176,0.5,mobilenet,phase,finetune,7,
0.5154603232343231,0.4836712722052754,0.3890009555154475,0.5599022004889975,0.2980315601106231,0.7119423884776955,1.325255354697054,0.5,mobilenet,phase,finetune,42,
0.5311485104894738,0.4694957832406244,0.331939893797311,0.5432692307692307,0.2389783634293151,0.7529505901180236,1.2023670246655291,0.5,mobilenet,phase,finetune,123,
0.4858663126801381,0.4457204378252288,0.3036519386834986,0.4943119266055046,0.2191312835529526,0.7243448689737948,1.7473480769179084,0.5,mobilenet,phase,finetune,2024,
0.5210918058021886,0.4700340929481428,0.328215626066189,0.5453514739229025,0.2347486578818936,0.7593518703740748,1.4853804612701589,0.5,mobilenet,phase,finetune,2025,
0.6327480560371062,0.6034451821281177,0.6559775840597758,0.628861363975526,0.6855376606474703,0.50250050010002,2.1976497037844225,0.5,mobilenet,complex,finetune,7,
0.6065260066817333,0.5801184281356541,0.6151315789473685,0.6219856976550806,0.6084268748983244,0.5453090618123625,2.4944174614819614,0.5,mobilenet,complex,finetune,42,
0.6209117047095771,0.5949219450924098,0.6199814830401481,0.6423090338332752,0.5991540588905157,0.5897179435887178,1.895704506473108,0.5,mobilenet,complex,finetune,123,
0.5197874128266355,0.5029607033913511,0.4845552660960178,0.5659639208867637,0.4236212786725232,0.6005201040208041,1.7615323473106732,0.5,mobilenet,complex,finetune,2024,
0.6111207925658664,0.5854118069262516,0.5984881397167434,0.6422976501305483,0.5602733040507565,0.6163232646529306,2.4277052066542884,0.5,mobilenet,complex,finetune,2025,
0.6454426235824683,0.6110712363179616,0.6196367465122401,0.6725714285714286,0.5744265495363592,0.656131226245249,3.6307907646352593,0.5,mobilenet,concat,finetune,7,
0.6876281714777965,0.6383455948322269,0.6270010178587953,0.7270386266094421,0.551163169025541,0.7455491098219644,3.818196222186089,0.5,mobilenet,concat,finetune,42,
0.6660864953208634,0.6311681320653149,0.6511075277942799,0.680624556422995,0.6240442492272653,0.6399279855971194,4.401621162891388,0.5,mobilenet,concat,finetune,123,
0.6560224034395297,0.6297326395119325,0.6342933097031458,0.696574542623589,0.5822352367008297,0.6881376275255051,4.204898449507627,0.5,mobilenet,concat,finetune,2024,
0.6827530952749847,0.6464202404450027,0.6474639949906074,0.7191971383147854,0.5887424760045551,0.7173434686937388,4.652650220827623,0.5,mobilenet,concat,finetune,2025,
0.4223078550963162,0.4426700161492912,0.4720380758116607,0.4942160526784125,0.4517650886611355,0.4314862972594518,2.890695636922663,0.5,mobilenet,frequency_3,finetune,7,
0.4233919502299679,0.4415933967342544,0.4879894702204672,0.4935929439174571,0.482511794371238,0.3912782556511302,3.8010992218147615,0.5,mobilenet,frequency_3,finetune,42,
0.4513422287515906,0.4593576170823614,0.4988356620093147,0.510294367874766,0.4878802667968114,0.4242848569713943,4.313683555884794,0.5,mobilenet,frequency_3,finetune,123,
0.378286768464804,0.4114480531132244,0.4664063770945176,0.4664063770945176,0.4664063770945176,0.3438687737547509,1.875208858739246,0.5,mobilenet,frequency_3,finetune,2024,
0.4538401905206159,0.4619594473353669,0.502942395358475,0.5126732004055424,0.4935741011875711,0.4230846169233846,3.378258103674108,0.5,mobilenet,frequency_3,finetune,2025,
0.5556789574931418,0.5264668939529876,0.5089318943059173,0.594435992175614,0.4449324873922238,0.6267253450690138,1.954397732561285,0.5,mobilenet,concat_frequency,finetune,7,seed_7
0.5343919280033004,0.5055625336443568,0.4932413793103448,0.567258883248731,0.4363103953147877,0.5907181436287258,1.6998688808896325,0.5,mobilenet,concat_frequency,finetune,42,seed_42
0.5713288745271423,0.5440516777319218,0.5422446406052963,0.6074672048435923,0.4896697576053359,0.6109221844368874,2.674878889864141,0.5,mobilenet,concat_frequency,finetune,123,seed_123
0.5551081584463956,0.537591961241701,0.5388332140300645,0.5987273811891032,0.4898324385879291,0.5963192638527706,2.392419984394854,0.5,mobilenet,concat_frequency,finetune,2024,seed_2024
0.6010619237886946,0.5619056163646151,0.5554038058818174,0.630686517783292,0.4961769969090613,0.6427285457091418,2.9248524524948816,0.5,mobilenet,concat_frequency,finetune,2025,seed_2025
0.7040458522809167,0.6556612237574018,0.6698210598761184,0.7107905787840059,0.633317065235074,0.6831366273254651,3.977225200696425,0.5,resnet,none,finetune,7,
0.7102754209537205,0.650995872958909,0.6664951989026063,0.7045495740438644,0.6323409793395152,0.6739347869573915,3.0469755327159707,0.5,resnet,none,finetune,42,
0.6906063171313293,0.6416651713619236,0.6677204658901831,0.6832964413417334,0.6528387831462502,0.6279255851170235,3.4086809022860094,0.5,resnet,none,finetune,123,
0.6450808951443778,0.6274896823972725,0.6641863474603689,0.6604471610101335,0.6679681145274118,0.5777155431086217,3.266297298398885,0.5,resnet,none,finetune,987,
0.7317878249474524,0.66517136192356,0.6740041928721174,0.7277872099603848,0.6276232308443143,0.7113422684536908,2.285541874441233,0.5,resnet,none,finetune,2024,
0.663312652769695,0.6068544769424009,0.6126922397030228,0.6707954325527385,0.5638522856678054,0.6597319463892779,2.957712498578158,0.5,resnet,none,finetune,2025,
0.428705685825631,0.4786470482684371,0.5733166899184963,0.5224839400428265,0.6351065560435986,0.2862572514502901,4.52124333652583,0.5,resnet,magnitude,finetune,7,
0.3829326952099383,0.4487708595011663,0.5662242304433776,0.5001871024073843,0.6523507401984708,0.1984396879375875,8.95771006562493,0.5,resnet,magnitude,finetune,42,
0.450561903498318,0.4820563430827203,0.5816969784798203,0.5244316697151816,0.6530014641288433,0.2718543708741748,5.151454305106944,0.5,resnet,magnitude,finetune,123,
0.480647536697839,0.4966804234703032,0.5816554809843401,0.53696819496076,0.634455832113226,0.3272654530906181,4.127812195907939,0.5,resnet,magnitude,finetune,2024,
0.5119809385661092,0.5192894311860757,0.6104972375690608,0.5518464975686687,0.6830974459085732,0.3178635727145429,3.788777665658431,0.5,resnet,magnitude,finetune,2025,
0.5157572591466398,0.5194688677552485,0.5688294960553856,0.5630278884462151,0.5747519115015455,0.4514902980596119,3.029120301658457,0.5,resnet,phase,finetune,7,
0.5159623920879832,0.5178539386326934,0.572949777495232,0.5600434985241572,0.5864649422482512,0.4334866973394679,1.1900975277478043,0.5,resnet,phase,finetune,42,
0.4998499618583225,0.511483940427059,0.5662391460208716,0.5547923821417421,0.5781682121360013,0.4294858971794358,1.8459375961260365,0.5,resnet,phase,finetune,123,
0.487281692551297,0.5015252108379687,0.5468189233278956,0.5483396041223622,0.5453066536521881,0.4476895379075815,1.275622537190264,0.5,resnet,phase,finetune,2024,
0.5070564788083693,0.515969854656379,0.5681581685744017,0.5592499212102111,0.5773548072230357,0.4404880976195239,2.062522907148708,0.5,resnet,phase,finetune,2025,
0.4667944488523539,0.4799928225372331,0.5511152416356877,0.5259423503325943,0.5788189360663738,0.3584716943388678,2.5696135705167595,0.5,resnet,complex,finetune,7,
0.43131474838973,0.5145343621029966,0.6530298172491183,0.5389500423370025,0.8283715633642427,0.128625725145029,3.4291749704967844,0.5,resnet,complex,finetune,42,
0.4590981479198067,0.5078952090436031,0.6359110521075341,0.5371159452792106,0.779241906621116,0.1742348469693938,2.1129091544584795,0.5,resnet,complex,finetune,123,
0.4652102374273456,0.4784676116992643,0.5349227938235058,0.5262909319899244,0.5438425248088499,0.3980796159231846,3.895802462642843,0.5,resnet,complex,finetune,2024,
0.5590075880801669,0.5678270231473175,0.6298317067547837,0.5968540635013108,0.6666666666666666,0.4462892578515703,1.569906840270216,0.5,resnet,complex,finetune,2025,
0.7662131580374966,0.7078772653866858,0.7334206648108728,0.73825613977254,0.728648121034651,0.6823364672934586,3.727989199486646,0.5,resnet,concat,finetune,7,
0.7771311542282429,0.7008792391889467,0.7136230888163546,0.7559599636032757,0.6757768016918823,0.7317463492698539,1.669078305363655,0.5,resnet,concat,finetune,42,
0.8064909549341136,0.7239368383276512,0.7562386120573557,0.7370290302655961,0.7764763299170327,0.6593318663732747,1.9366177022457125,0.5,resnet,concat,finetune,123,
0.7688909182519763,0.6937017764220348,0.7344017426482029,0.7037423587296854,0.7678542378395965,0.6025205041008201,2.915041433139281,0.5,resnet,concat,finetune,2024,
0.7806403805569965,0.7113762784855554,0.7255353638768023,0.7628274129888769,0.6917195379860094,0.7355471094218844,2.180493237450719,0.5,resnet,concat,finetune,2025,
0.4516892153442889,0.4796339493988875,0.5854774156660949,0.5221159974506054,0.6663413047014805,0.2500500100020004,2.870813738216053,0.5,resnet,frequency_3,finetune,7,
0.4523982395307758,0.4774807105688139,0.5625,0.5225401256106071,0.6090775988286969,0.3156631326265253,6.405301890589974,0.5,resnet,frequency_3,finetune,42,
0.4292917311296975,0.4663556432801005,0.5647592565491,0.513233142705147,0.6277859118269075,0.2678535707141428,3.695447114380923,0.5,resnet,frequency_3,finetune,123,
0.4339253730036718,0.4673425444105509,0.563231074817921,0.5141015310233682,0.6227428013665203,0.27625525105021,8.638248432766307,0.5,resnet,frequency_3,finetune,2024,
0.4433343314180975,0.4810694419522698,0.5763878716859528,0.5241774343945651,0.6401496665039856,0.2854570914182837,4.967270295728337,0.5,resnet,frequency_3,finetune,2025,
0.7545986666017115,0.6798851605957295,0.7421592715710362,0.6676635027954753,0.8353668456157475,0.4886977395479095,2.2505900223146784,0.5,resnet,concat_frequency,finetune,7,seed_7
0.6948213459187689,0.6292840480890005,0.7067423704755146,0.6268412438625205,0.8099886123312184,0.4070814162832566,4.893805197694085,0.5,resnet,concat_frequency,finetune,42,seed_42
0.6856857624981968,0.6245289790059214,0.698421849102832,0.626908150064683,0.7883520416463315,0.4230846169233846,3.8437758440321135,0.5,resnet,concat_frequency,finetune,123,seed_123
0.7228272887373961,0.6475865781446258,0.7262717770034843,0.6352553943679142,0.8477306002928258,0.4014802960592118,3.4434995420954446,0.5,resnet,concat_frequency,finetune,2024,seed_2024
0.6773607853179551,0.6100843351875113,0.6967624895339102,0.6100183262064752,0.8122661460875223,0.3614722944588918,2.2845366177233783,0.5,resnet,concat_frequency,finetune,2025,seed_2025
0.6512667264215817,0.5994975776063162,0.6121633362293658,0.6569084467648704,0.5731251016756141,0.6319263852770554,4.529061601920561,0.5,resnet,none,scratch,7,
0.6421961795970712,0.6069441952269873,0.632558919734966,0.6528739612188366,0.6134699853587116,0.5989197839567914,4.829615503549576,0.5,resnet,none,scratch,42,
0.6483158678262413,0.5957294096536874,0.6137493571061203,0.6486682369994564,0.5823979176834229,0.612122424484897,4.722097199071538,0.5,resnet,none,scratch,123,
0.6258112692979461,0.5981518033375202,0.6300487321384323,0.6399328859060402,0.6204652676102164,0.5707141428285657,5.266093348914927,0.5,resnet,none,scratch,2024,
0.674160503159685,0.6270410909743406,0.6493462673977225,0.6743167484232656,0.6261591020009761,0.628125625125025,3.665209583260797,0.5,resnet,none,scratch,2025,
0.3544884835109205,0.4413242418804952,0.5738142495380193,0.4952741020793951,0.6819586790304213,0.1454290858171634,2.222050427035852,0.5,resnet,magnitude,scratch,7,
0.3607184589675378,0.4509240983312399,0.5921631347461016,0.5015238740264139,0.7227916056612982,0.1166233246649329,3.529155541550029,0.5,resnet,magnitude,scratch,42,
0.3206053444298751,0.4091153777139781,0.5318453227182257,0.472288852417624,0.6085895558809176,0.1638327665533106,2.936715413223613,0.5,resnet,magnitude,scratch,123,
0.3582495415627781,0.4478736766553023,0.5835138061721711,0.4995943910070692,0.7013177159590044,0.1362272454490898,8.770566306330942,0.5,resnet,magnitude,scratch,2024,
0.4091086152808892,0.4759554997308451,0.5923082292175612,0.5187041564792176,0.6902554091426713,0.2124424884976995,6.036428998817097,0.5,resnet,magnitude,scratch,2025,
0.5862414877639591,0.569980261977391,0.6195729819826971,0.6049287042777434,0.6349438750610054,0.4900980196039208,1.170523507351225,0.5,resnet,phase,scratch,7,
0.5219194318772653,0.5338237932890724,0.6036613272311213,0.5682895303748384,0.6437286481210347,0.3986797359471894,2.720231957056306,0.5,resnet,phase,scratch,42,
0.5668015171278928,0.5552664633052216,0.6079873467773823,0.5915666358879655,0.6253456970880105,0.4690938187637527,1.905376561663368,0.5,resnet,phase,scratch,123,
0.5382376947164282,0.5527543513368024,0.6313687791170598,0.5787689804772235,0.6944851146900928,0.3784756951390278,1.964432502334768,0.5,resnet,phase,scratch,2024,
0.7016276689533449,0.6783599497577606,0.7230163022483196,0.6884932313125368,0.761184317553278,0.5765153030606122,1.143268272280693,0.5,vit,none,finetune,7,
0.6920765802745713,0.6725282612596447,0.7117359027009951,0.6916346891788181,0.7330405075646657,0.5981196239247849,1.2226451256058433,0.5,vit,none,finetune,42,
0.6828741541378066,0.6606854476942401,0.7101915708812261,0.6713023323192815,0.753863673336587,0.5461092218443688,1.2296449840068815,0.5,vit,none,finetune,123,
0.727187588160222,0.6874214965009869,0.7173454486451404,0.7154879430328532,0.7192126240442492,0.6483296659331866,1.0444083328951488,0.5,vit,none,finetune,987,
0.7068802730775535,0.6666068544769423,0.6913108489782356,0.7063316924121541,0.6769155685700342,0.6539307861572314,1.191888688640161,0.5,vit,none,finetune,2024,
0.7132181113300909,0.6866140319397093,0.7307484776073383,0.6944037503662467,0.7711078574914593,0.5827165433086617,1.0141949707811528,0.5,vit,none,finetune,2025,
0.4350354697586662,0.5278126682217836,0.6609983896940419,0.5471315845596076,0.834716121685375,0.1504300860172034,1.5643637925386429,0.5,vit,magnitude,finetune,7,
0.436141921730694,0.5410909743405706,0.6802125664270084,0.5523964256701869,0.8849845453066536,0.1182236447289458,1.5159129324284466,0.5,vit,magnitude,finetune,42,
0.4293060011058662,0.5478198456845506,0.6813353566009105,0.5572448029785914,0.8765251342118107,0.143628725745149,1.5318918350068005,0.5,vit,magnitude,finetune,123,
0.4786277411656074,0.5525749147676297,0.6867659066641543,0.559341109064866,0.8893769318366683,0.1384276855371074,1.6114075725728816,0.5,vit,magnitude,finetune,2024,
0.4442444369791479,0.5290687242059932,0.6712594726623662,0.5457230142566192,0.8718073857166098,0.1076215243048609,1.336180563677441,0.5,vit,magnitude,finetune,2025,
0.5098138547507778,0.5514982953525929,0.7109234950558029,0.5514982953525929,1.0,0.0,1.110640768977729,0.5,vit,phase,finetune,7,
0.5180409434741999,0.5463843531311682,0.7057385636130835,0.5494336202990485,0.9863347974621768,0.0054010802160432,1.210576669736342,0.5,vit,phase,finetune,42,
0.5151047453674891,0.5514982953525929,0.7108900584118906,0.5515075376884422,0.9998373190174068,0.0002000400080016,1.0354501584714109,0.5,vit,phase,finetune,123,
0.5539808303290722,0.5506908307913153,0.7096811594202899,0.5512924434837432,0.9957702944525784,0.0034006801360272,1.231096369976347,0.5,vit,phase,finetune,2024,
0.5352360857725474,0.5515880136371792,0.7109311740890688,0.5515570313201112,0.9998373190174068,0.0004000800160032,1.0499909743666649,0.5,vit,phase,finetune,2025,
0.4904818608100992,0.5515880136371792,0.7109646079111728,0.5515477792732167,1.0,0.0002000400080016,0.9924200854518196,0.5,vit,complex,finetune,7,
0.5185875632910867,0.5514982953525929,0.7109234950558029,0.5514982953525929,1.0,0.0,0.9556524083018304,0.5,vit,complex,finetune,42,
0.5107919908367552,0.5514982953525929,0.7109234950558029,0.5514982953525929,1.0,0.0,0.948761557313529,0.5,vit,complex,finetune,123,
0.5104437350785596,0.5514982953525929,0.7109234950558029,0.5514982953525929,1.0,0.0,0.9781047342853112,0.5,vit,complex,finetune,2024,
0.5159696165685064,0.5514982953525929,0.7109234950558029,0.5514982953525929,1.0,0.0,1.0148100114681504,0.5,vit,complex,finetune,2025,
0.6522452204773149,0.6501884083976315,0.7167865184862352,0.64750656167979,0.8026679681145275,0.4626925385077015,1.330307201905684,0.5,vit,concat,finetune,7,seed_7
0.6466784978925182,0.6204916561995335,0.6934782608695652,0.6252450019600156,0.7784285017081504,0.4262852570514103,1.4212331880222668,0.5,vit,concat,finetune,42,seed_42
0.6466337679444136,0.6232729230217118,0.6858681828383332,0.6349030470914128,0.7457296242069302,0.4726945389077815,1.2895372476090083,0.5,vit,concat,finetune,123,seed_123
0.6200467521517969,0.6291046115198278,0.6988636363636364,0.6327661258409181,0.780380673499268,0.4430886177235447,1.3567642332478005,0.5,vit,concat,finetune,2024,seed_2024
0.5963571923755175,0.6169926431006639,0.6934731097867451,0.620694087403599,0.7855864649422483,0.4096819363872774,1.3374193425882943,0.5,vit,concat,finetune,2025,seed_2025
0.4702100660900035,0.539386326933429,0.682223322604605,0.5506044559896094,0.8965348950707662,0.1002200440088017,1.4513057808984409,0.5,vit,frequency_3,finetune,7,seed_7
0.4798087810176318,0.5232370357078773,0.6648587285570131,0.5428983417447729,0.8574914592484139,0.1122224444888977,1.6226939802820033,0.5,vit,frequency_3,finetune,42,seed_42
0.4312534216620451,0.5206352054548717,0.6730710395888148,0.5394272263632797,0.8947454042622417,0.0606121224244848,1.2534709457646718,0.5,vit,frequency_3,finetune,123,seed_123
0.515325466264556,0.5410909743405706,0.6744733660026729,0.5539410411875392,0.8620465267610217,0.1464292858571714,1.4831907816908576,0.5,vit,frequency_3,finetune,2024,seed_2024
0.4647066716092527,0.5189305580477301,0.6619167717528374,0.5404097601153094,0.8539124776313649,0.1070214042808561,1.5337456112558192,0.5,vit,frequency_3,finetune,2025,seed_2025
0.5354326762538126,0.5651354746097255,0.6773184208774382,0.57324768988055,0.827558158451277,0.2424484896979395,1.2875203395431691,0.5,vit,concat_frequency,finetune,7,seed_7
0.5067005267004272,0.5640588551946887,0.6689829007425574,0.5754805438349743,0.7987636245322922,0.2754550910182036,1.2595183009451083,0.5,vit,concat_frequency,finetune,42,seed_42
0.547092044079875,0.5706082899694958,0.6831302966101694,0.57597409847047,0.8392711891979827,0.240248049609922,1.2859801223332232,0.5,vit,concat_frequency,finetune,123,seed_123
0.5590173671630373,0.5833482863807644,0.6878612716763006,0.5860726148207537,0.8324385879290711,0.2770554110822164,1.2907452109185131,0.5,vit,concat_frequency,finetune,2024,seed_2024
0.5597373745124818,0.5862192714875292,0.6785166596960825,0.5936089767044762,0.7917683422807874,0.3334666933386677,1.4127836579626256,0.5,vit,concat_frequency,finetune,2025,seed_2025
0.7480721132025332,0.7010586757581195,0.7540959409594096,0.6901256247467243,0.8311371400683261,0.5411082216443288,1.1482697495005347,0.5,xception,none,finetune,7,
0.7420234331558031,0.6952269872600035,0.7492433749169558,0.6858108108108109,0.8256059866601594,0.5349069813962792,1.1895183311267332,0.5,xception,none,finetune,42,
0.7302997121304853,0.6920868472994797,0.7498542274052478,0.6792552489106034,0.8368309744590857,0.5141028205641128,1.233491189777851,0.5,xception,none,finetune,123,
0.68139730109679,0.6725282612596447,0.7442544843049327,0.6536615384615385,0.8639986985521393,0.4370874174834967,0.8801559223370119,0.5,xception,none,finetune,987,
0.736204683591672,0.6932531849991028,0.7513635371972948,0.679379274066281,0.8404099560761347,0.5123024604920984,1.2878044863993472,0.5,xception,none,finetune,2024,
0.7406495615049478,0.7027633231652611,0.7533685699397007,0.6944825693110074,0.8231657719212624,0.5547109421884376,1.1387775086543777,0.5,xception,none,finetune,2025,
0.3948027933226144,0.4821460613673066,0.6096307317732991,0.5217039009144577,0.7332031885472589,0.1734346869373874,2.338677012107589,0.5,xception,magnitude,finetune,7,
0.4614767755893785,0.506280279921048,0.6220207431829109,0.5382786495482644,0.7366194891817146,0.2230446089217843,1.9771709008650349,0.5,xception,magnitude,finetune,42,
0.4010539215375205,0.4666247981338596,0.5961551525032267,0.5117797993935153,0.7138441516186758,0.162632526505301,1.4965339573946863,0.5,xception,magnitude,finetune,123,
0.4085993219467059,0.4933608469406065,0.620777650930092,0.5285910338517841,0.7519115015454694,0.1754350870174034,2.586762536655773,0.5,xception,magnitude,finetune,2024,
0.424197138109906,0.487618876727077,0.6082721723026271,0.525853889943074,0.72132747681796,0.2002400480096019,2.1736736731095747,0.5,xception,magnitude,finetune,2025,
0.4916470686361121,0.5349004127041092,0.6840565577766943,0.5469252509501998,0.9129656743126728,0.0700140028005601,1.1470331807028165,0.5,xception,phase,finetune,7,
0.484772780162019,0.5349901309886955,0.6940919553798028,0.5446461652463875,0.956564177647633,0.0166033206641328,1.2248009382323786,0.5,xception,phase,finetune,42,
0.4371927744911272,0.5155212632334469,0.6599067892681698,0.5383824889528311,0.8522856678054336,0.1014202840568113,0.9949103417721662,0.5,xception,phase,finetune,123,
0.5037729198678519,0.5534720976134936,0.6953913948222046,0.5573979591836735,0.9241906621115992,0.0976195239047809,0.8081533881750974,0.5,xception,phase,finetune,2024,
0.4863183796674741,0.5377713978108739,0.6759748427672956,0.5510099456577463,0.8742476004555068,0.1240248049609922,0.94582521204244,0.5,xception,phase,finetune,2025,
0.5041645387805396,0.5514982953525929,0.7109234950558029,0.5514982953525929,1.0,0.0,13.38944345983592,0.5,xception,complex,finetune,7,
0.472863403004336,0.5514982953525929,0.7109234950558029,0.5514982953525929,1.0,0.0,1.58561369438063,0.5,xception,complex,finetune,42,
0.5033943668512457,0.5514982953525929,0.7109234950558029,0.5514982953525929,1.0,0.0,6.12909571826458,0.5,xception,complex,finetune,123,
0.4869386924399684,0.5514982953525929,0.7109234950558029,0.5514982953525929,1.0,0.0,3.98287595063448,0.5,xception,complex,finetune,2024,
0.4800145159990189,0.5504216759375561,0.709826857374486,0.5510699514475814,0.9970717423133236,0.0012002400480096,1.6833875172517516,0.5,xception,complex,finetune,2025,
0.738459404911729,0.680244033734075,0.7391304347826086,0.6718562874251497,0.821376281112738,0.5067013402680536,1.3157924996180967,0.5,xception,concat,finetune,7,
0.74212953864565,0.6835636102637718,0.7412895180811266,0.6749933208656158,0.8220270050431104,0.5133026605321064,1.6458942781795154,0.5,xception,concat,finetune,42,
0.7383092203278789,0.6849991028171541,0.7413627992633518,0.6774367259019924,0.8186107044086546,0.5207041408281656,1.8527660017663783,0.5,xception,concat,finetune,123,
0.7377923608147691,0.6823972725641486,0.743849493487699,0.6698814023198227,0.8361802505287131,0.4932986597319463,1.8121424913406368,0.5,xception,concat,finetune,2024,
0.7154163873282222,0.6742329086667863,0.7354077096844713,0.6660506863780359,0.8208882381649585,0.4938987797559512,1.474298319356008,0.5,xception,concat,finetune,2025,
0.4483551826682239,0.4900412704109097,0.6015701668302257,0.5285133637147432,0.6980640963071417,0.2342468493698739,1.544606334783814,0.5,xception,frequency_3,finetune,7,
0.4632557551041687,0.5068185896285663,0.6207657813038979,0.5389314805941543,0.7319017406865137,0.2300460092018403,2.0473765920508997,0.5,xception,frequency_3,finetune,42,
0.4075992032634605,0.4686883186793468,0.5981270358306189,0.5130981487949703,0.7169350902879453,0.1634326865373074,1.495548660104925,0.5,xception,frequency_3,finetune,123,
0.4653214846645919,0.5122914049883366,0.6256198347107438,0.542457900394124,0.7388970229380185,0.2336467293458691,2.6570985588160427,0.5,xception,frequency_3,finetune,2024,
0.4943938193853184,0.5139960523954782,0.6119349523604842,0.5467229902713774,0.694810476655279,0.2916583316663332,1.9205926020037043,0.5,xception,frequency_3,finetune,2025,
0.5780489105792527,0.5778754710209941,0.6786421692507343,0.5848834471391571,0.808199121522694,0.2946589317863572,1.1735264665701173,0.5,xception,concat_frequency,finetune,7,seed_7
0.5855183237721238,0.5828996949578324,0.6856872422419039,0.5866496992133272,0.8249552627297869,0.285257051410282,0.9703739945861426,0.5,xception,concat_frequency,finetune,42,seed_42
0.5979822937094333,0.5885519468867755,0.685545803620406,0.5925091857295247,0.8132422319830812,0.3122624524904981,1.040912053124471,0.5,xception,concat_frequency,finetune,123,seed_123
0.6162423472167998,0.5979723667683474,0.6908162561236459,0.5998082913970765,0.8143809988612332,0.3318663732746549,0.8587454814802516,0.5,xception,concat_frequency,finetune,2024,seed_2024
0.6089500151535105,0.5935761708236138,0.6881883259911894,0.5964682018852165,0.8132422319830812,0.3234646929385877,0.8027282120151953,0.5,xception,concat_frequency,finetune,2025,seed_2025
