Modelo / Config,Família,Modo,CollabDiff,DiT,MidJourney,RDDM,SiT,StyleGAN2,StyleGAN3,StyleGANXL,VQGAN,blendface,cdf_reenactment,ddim,deepfacelab,e4e,faceswap,heygen,mobileswap,pixart,sd2.1,stargan,starganv2,styleclip,uniface,whichfaceisreal
DINO (SRM + RGB),dino,srm,36.0,75.2,100.0,56.8,84.8,100.0,100.0,100.0,66.0,96.0,93.8,23.6,88.4,95.6,95.6,33.2,96.4,99.6,100.0,84.0,19.6,94.8,99.6,99.2
CLIP (SRM + RGB),clip,srm,40.4,70.0,82.66,57.6,74.4,96.4,95.6,78.0,90.0,77.2,74.6,37.2,76.0,96.8,94.0,30.4,75.2,98.4,99.2,61.0,37.69,85.2,92.4,97.2
ResNet-18 (SRM + RGB),resnet,srm,25.2,65.6,87.1,52.0,70.4,99.6,99.6,88.0,21.6,85.2,88.6,11.2,71.6,79.6,90.4,31.2,92.8,99.2,99.6,45.0,4.02,61.6,87.2,89.6
MobileNet (SRM + RGB),mobilenet,srm,27.6,85.2,92.34,68.4,86.8,99.6,98.8,80.0,29.6,88.4,94.8,17.2,74.8,92.4,85.6,28.0,85.2,99.2,99.2,35.0,5.53,70.4,89.6,94.0
Xception (SRM + RGB),xception,srm,72.8,90.0,97.58,97.6,90.8,99.6,100.0,94.0,68.8,94.4,96.2,62.8,84.4,98.0,94.0,92.4,93.2,100.0,99.2,47.0,25.13,90.4,94.0,95.6
ViT (SRM + RGB),vit,srm,52.0,88.0,83.06,83.2,86.8,100.0,100.0,80.0,83.6,89.6,92.0,52.4,86.4,96.0,96.0,66.4,91.6,100.0,100.0,58.0,29.65,85.6,95.2,99.2
DINO (Only RGB Robusto),dino,none,35.2,72.4,100.0,26.8,81.6,100.0,100.0,100.0,50.4,96.0,95.8,20.0,88.8,90.8,93.6,38.8,94.0,99.6,99.6,87.0,16.58,95.6,97.6,100.0
CLIP (Only RGB Robusto),clip,none,34.4,80.8,74.6,52.0,77.2,98.4,97.2,69.6,94.4,91.6,81.8,44.0,78.8,98.8,95.6,63.2,78.0,99.2,99.6,62.0,33.67,91.2,96.0,99.2
ResNet-18 (Only RGB Robusto),resnet,none,19.6,73.6,89.11,44.0,78.8,98.8,98.8,90.0,33.6,90.8,90.8,11.2,73.6,78.4,94.8,23.6,95.2,98.8,100.0,53.5,2.01,56.4,90.0,78.4
MobileNet (Only RGB Robusto),mobilenet,none,17.6,78.0,91.53,48.8,83.6,99.2,97.2,74.8,29.6,85.2,93.0,14.0,69.2,88.8,81.6,23.6,87.2,99.2,98.4,35.5,7.04,64.0,86.8,96.0
DINO (Only RGB Padrão),dino,none,14.0,34.0,100.0,0.4,46.0,100.0,100.0,99.2,33.2,94.4,68.2,0.0,67.2,100.0,59.2,32.0,61.2,98.4,97.2,22.5,0.0,99.2,95.2,100.0
ResNet-18 (Only RGB Padrão),resnet,none,20.8,42.4,98.79,0.0,53.6,99.6,100.0,83.6,15.2,81.6,67.0,9.2,59.6,93.6,50.0,15.2,63.6,100.0,97.2,24.5,1.51,83.2,90.8,90.8
DINO (SRM Only),dino,srm_only,82.4,88.0,100.0,22.4,90.8,97.2,100.0,96.8,84.4,90.0,95.4,48.0,94.8,95.2,97.6,73.2,97.6,99.6,99.6,47.5,6.03,90.0,96.0,98.0
MobileNet (SRM Only),mobilenet,srm_only,52.8,75.2,93.55,3.2,76.0,86.8,97.6,75.6,64.0,84.0,87.8,34.0,88.8,90.0,78.4,64.0,76.8,99.6,99.2,16.5,9.05,76.8,89.2,81.6
ResNet-18 (SRM Only),resnet,srm_only,47.6,82.0,91.13,4.4,89.2,98.0,100.0,99.2,28.8,92.0,95.2,39.2,93.6,93.6,94.8,62.8,95.6,99.2,99.6,50.5,11.06,80.0,98.0,90.8
Xception (SRM Only),xception,srm_only,72.8,87.2,99.6,94.0,88.0,96.8,99.2,95.6,74.0,98.4,96.6,69.2,90.4,98.4,91.6,97.2,91.6,98.8,100.0,37.5,43.22,89.6,94.8,92.0
DINO (FFT Concat Mag),dino,concat,15.2,51.6,100.0,100.0,64.8,100.0,100.0,98.8,28.4,83.2,73.4,9.2,77.2,98.0,74.8,68.8,84.0,100.0,99.6,34.0,1.01,93.6,94.8,98.0
ResNet-18 (FFT Concat Mag),resnet,concat,59.2,81.6,98.39,43.2,83.6,100.0,100.0,99.6,44.0,96.4,90.0,49.6,92.8,98.0,85.6,91.6,93.6,100.0,100.0,62.5,16.58,74.0,97.2,76.4
DINO (FFT Concat Multi-Freq),dino,concat_frequency,76.8,95.2,99.19,100.0,94.4,97.6,99.6,100.0,98.0,98.8,96.2,61.6,96.4,96.0,96.8,92.4,98.4,99.6,100.0,76.0,41.71,72.8,95.2,70.0
ResNet-18 (FFT Concat Multi-Freq),resnet,concat_frequency,70.4,91.6,90.73,99.6,93.2,98.0,98.8,99.6,95.6,94.0,93.4,62.0,92.0,89.6,91.2,94.0,94.4,99.2,100.0,89.5,41.71,62.0,92.8,69.6
ResNet-18 (FFT Passa-Alta Pura),resnet,frequency_3,68.4,28.4,92.34,9.2,39.6,73.2,96.4,74.8,56.8,61.2,42.2,96.0,50.4,100.0,30.4,76.0,31.6,97.2,90.8,99.5,97.49,86.8,75.6,71.2
