paradigma,tecnica,n_amostras,DINO (SRM),Xception (SRM),ViT (SRM),MobileNet (SRM),CLIP (SRM),ResNet-18 (SRM),ResNet-18 (RGB Robusto),MobileNet (RGB Robusto)
Difusão,DiT,31885,80.58,90.7,79.06,81.3,59.78,58.12,58.6,82.46
Difusão,SiT,31885,87.69,93.2,83.19,84.65,65.3,66.35,67.22,84.72
Difusão,ddim,31885,13.86,57.87,38.36,16.93,38.59,13.45,8.52,16.74
Difusão,sd2.1,53474,99.84,99.67,97.91,98.75,99.23,99.21,99.61,98.55
Difusão,pixart,31885,99.71,99.85,95.71,99.37,96.16,98.24,97.55,99.57
Difusão,RDDM,17738,54.94,98.62,74.69,68.16,44.24,38.03,35.88,54.68
Difusão,CollabDiff,1000,37.9,61.2,32.6,28.2,32.3,24.0,17.5,24.4
Síntese GAN,StyleGAN2,31885,99.96,99.6,93.85,99.06,96.32,96.68,96.32,98.37
Síntese GAN,StyleGAN3,31885,100.0,99.96,98.9,98.21,94.31,98.91,98.29,95.94
Síntese GAN,StyleGANXL,31885,98.17,93.55,66.2,75.67,69.05,81.36,79.74,73.39
Síntese GAN,VQGAN,31885,61.61,64.88,75.62,34.68,88.59,29.1,33.97,32.83
Síntese GAN,stargan,1984,75.4,51.46,51.21,34.02,58.47,48.69,46.77,34.07
Síntese GAN,starganv2,2000,10.25,20.45,19.1,8.0,25.0,4.95,3.35,7.9
Troca Facial,deepfacelab,3122,86.16,83.57,81.13,72.33,54.84,68.93,61.85,69.03
Troca Facial,faceswap,24634,89.78,95.45,91.74,82.26,84.66,85.17,79.47,82.56
Troca Facial,mobileswap,47522,94.37,95.15,85.11,88.89,63.7,90.78,87.21,89.75
Troca Facial,blendface,24790,94.24,93.61,80.81,84.29,67.02,74.95,71.47,83.33
Troca Facial,uniface,24346,96.59,96.6,90.06,87.85,86.39,85.9,85.95,86.92
Edição / T2I,MidJourney,635,96.85,96.69,74.96,95.59,77.01,85.51,86.46,92.91
Edição / T2I,whichfaceisreal,1001,99.1,94.11,95.5,89.91,94.41,70.63,64.74,94.51
Edição / T2I,styleclip,2824,93.41,88.63,64.45,68.09,76.84,54.46,54.25,64.59
Edição / T2I,e4e,60123,94.77,97.33,85.87,88.88,94.76,62.14,66.84,82.3
Avatares & Reencenação,heygen,1605,32.96,87.85,41.5,29.47,31.4,22.12,17.63,31.21
Avatares & Reencenação,cdf_reenactment,128671,90.09,95.27,87.0,90.39,72.47,82.87,80.52,90.08
