composition,label,n_models,strategy,members,val_auc,val_acc,test_auc,test_acc,test_f1,test_recall,test_precision,test_d_auc,test_d_acc,test_d_f1,test_d_recall,test_d_precision,test_d_fp,test_d_fn,delta_auc,delta_acc,score,grade
robust_987_only,CLIP Robusto (seed 987 apenas),1,mean,clip/none/seed_987,0.985,0.9397,0.9067,0.8172,0.8229,0.7402,0.9263,0.8462,0.7395,0.7294,0.6121,0.9021,6934,40471,-0.0604,-0.0778,8.86,A+
robust_987_only,CLIP Robusto (seed 987 apenas),1,weighted,clip/none/seed_987,0.985,0.9397,0.9067,0.8172,0.8229,0.7402,0.9263,0.8462,0.7395,0.7294,0.6121,0.9021,6934,40471,-0.0604,-0.0778,8.86,A+
robust_987_only,CLIP Robusto (seed 987 apenas),1,geometric,clip/none/seed_987,0.985,0.9397,0.9067,0.8172,0.8229,0.7402,0.9263,0.8462,0.7395,0.7294,0.6121,0.9021,6934,40471,-0.0604,-0.0778,8.86,A+
robust_987_only,CLIP Robusto (seed 987 apenas),1,max,clip/none/seed_987,0.985,0.9397,0.9067,0.8172,0.8229,0.7402,0.9263,0.8462,0.7395,0.7294,0.6121,0.9021,6934,40471,-0.0604,-0.0778,8.86,A+
robust_987_only,CLIP Robusto (seed 987 apenas),1,stacking,clip/none/seed_987,0.985,0.9398,0.9067,0.8173,0.823,0.7405,0.9261,0.8462,0.7396,0.7296,0.6126,0.9019,6952,40422,-0.0604,-0.0777,8.86,A+
clip987_dino42,CLIP-987 + DINO-42 (2M),2,geometric,clip/none/987 + dino/none/42,0.9982,0.9833,0.9517,0.8894,0.8969,0.8391,0.9632,0.8284,0.7437,0.7655,0.7295,0.8052,18412,28226,-0.1233,-0.1457,8.81,A+
clip987_dino42,CLIP-987 + DINO-42 (2M),2,mean,clip/none/987 + dino/none/42,0.9981,0.9858,0.949,0.871,0.8765,0.7979,0.9721,0.8234,0.7156,0.7205,0.6393,0.8255,14101,37642,-0.1256,-0.1554,8.78,A+
clip987_dino42,CLIP-987 + DINO-42 (2M),2,weighted,clip/none/987 + dino/none/42,0.9981,0.9858,0.949,0.871,0.8765,0.7979,0.9721,0.8234,0.7156,0.7205,0.6393,0.8255,14101,37642,-0.1256,-0.1554,8.78,A+
clip_none_42plus987,CLIP Robusto (seed 42 + seed 987),2,stacking,clip/none/seed_42 + clip/none/seed_987,0.9871,0.9447,0.9225,0.8259,0.831,0.7464,0.9372,0.8266,0.741,0.734,0.6231,0.893,7794,39328,-0.0959,-0.0849,8.76,A+
clip_none_42plus987,CLIP Robusto (seed 42 + seed 987),2,geometric,clip/none/seed_42 + clip/none/seed_987,0.9875,0.9438,0.9244,0.8285,0.8338,0.7503,0.9381,0.8243,0.7367,0.7341,0.6339,0.8719,9716,38199,-0.1002,-0.0918,8.74,A+
clip987_clip42_dino42,CLIP-987 + CLIP-42 + DINO-42 (3M),3,geometric,clip/none/987 + clip/none/42 + dino/none/42,0.9975,0.9796,0.9511,0.8789,0.8854,0.8153,0.9685,0.8138,0.7372,0.7559,0.7094,0.8089,17489,30322,-0.1373,-0.1417,8.72,A+
robust987_dino_resnetcf,CLIP-987 + DINO + ResNet-CF (5 modelos),5,stacking,"clip/none/987 + dino/none/{42,123} + resnet/concat_frequency/{42,123}",0.9984,0.9855,0.9527,0.8777,0.8838,0.811,0.9709,0.8139,0.709,0.7148,0.636,0.8159,14971,37979,-0.1388,-0.1687,8.72,A+
clip_none_42plus987,CLIP Robusto (seed 42 + seed 987),2,mean,clip/none/seed_42 + clip/none/seed_987,0.9868,0.9443,0.924,0.8314,0.8372,0.7559,0.938,0.8168,0.7387,0.739,0.6452,0.8648,10527,37024,-0.1072,-0.0927,8.7,A+
clip_none_42plus987,CLIP Robusto (seed 42 + seed 987),2,weighted,clip/none/seed_42 + clip/none/seed_987,0.9868,0.9443,0.924,0.8314,0.8372,0.7559,0.938,0.8168,0.7387,0.739,0.6452,0.8648,10527,37024,-0.1072,-0.0927,8.7,A+
clip987_dino42,CLIP-987 + DINO-42 (2M),2,stacking,clip/none/987 + dino/none/42,0.9981,0.9865,0.949,0.8848,0.8919,0.8284,0.9659,0.8105,0.7038,0.7205,0.6656,0.7852,19005,34889,-0.1386,-0.181,8.69,A+
robust987_dino_resnetcf,CLIP-987 + DINO + ResNet-CF (5 modelos),5,geometric,"clip/none/987 + dino/none/{42,123} + resnet/concat_frequency/{42,123}",0.9975,0.982,0.9522,0.8867,0.8943,0.8359,0.9615,0.808,0.7261,0.7487,0.7115,0.7899,19745,30099,-0.1441,-0.1606,8.68,A+
clip_none_top3plus987,CLIP 3 Seeds Padrão + seed 987,4,stacking,"clip/none/{42,123,2024} + clip/none/seed_987",0.9892,0.9505,0.9302,0.8395,0.8456,0.7663,0.9432,0.8126,0.7393,0.7421,0.6538,0.8579,11302,36126,-0.1176,-0.1002,8.68,A+
clip987_clip42_dino42,CLIP-987 + CLIP-42 + DINO-42 (3M),3,weighted,clip/none/987 + clip/none/42 + dino/none/42,0.9966,0.9704,0.948,0.8604,0.8658,0.7854,0.9646,0.8071,0.7218,0.7319,0.6621,0.8181,15359,35253,-0.1408,-0.1386,8.67,A+
clip987_clip42_dino42,CLIP-987 + CLIP-42 + DINO-42 (3M),3,mean,clip/none/987 + clip/none/42 + dino/none/42,0.9966,0.9704,0.948,0.8604,0.8658,0.7854,0.9646,0.8071,0.7218,0.7319,0.6621,0.8181,15359,35253,-0.1408,-0.1386,8.67,A+
clip42_clip987_dino_clipconcat,CLIP-42 + CLIP-987 + DINO + CLIP-concat (4M),4,geometric,clip/none/42 + clip/none/987 + dino/none/42 + clip/concat/42,0.9966,0.973,0.9497,0.8659,0.8712,0.7911,0.9693,0.8051,0.725,0.7401,0.6828,0.8079,16935,33103,-0.1446,-0.1409,8.66,A+
clip987_clip42_dino42,CLIP-987 + CLIP-42 + DINO-42 (3M),3,stacking,clip/none/987 + clip/none/42 + dino/none/42,0.9981,0.9863,0.9506,0.8844,0.8913,0.8263,0.9673,0.8,0.7022,0.7184,0.6623,0.7848,18948,35239,-0.1506,-0.1822,8.63,A+
clip42_clip987_dino_clipconcat,CLIP-42 + CLIP-987 + DINO + CLIP-concat (4M),4,stacking,clip/none/42 + clip/none/987 + dino/none/42 + clip/concat/42,0.9981,0.9853,0.9514,0.8819,0.8884,0.8198,0.9696,0.7979,0.7007,0.7161,0.6583,0.7852,18793,35659,-0.1535,-0.1812,8.61,A+
clip42_clip987_dino_clipconcat,CLIP-42 + CLIP-987 + DINO + CLIP-concat (4M),4,mean,clip/none/42 + clip/none/987 + dino/none/42 + clip/concat/42,0.9955,0.9662,0.9468,0.869,0.8764,0.8095,0.9552,0.7991,0.7216,0.7454,0.7105,0.7838,20445,30204,-0.1477,-0.1474,8.61,A+
clip_none_top3plus987,CLIP 3 Seeds Padrão + seed 987,4,geometric,"clip/none/{42,123,2024} + clip/none/seed_987",0.9891,0.947,0.9322,0.8399,0.8456,0.7647,0.9457,0.8013,0.7213,0.7363,0.6783,0.8051,17131,33572,-0.1309,-0.1185,8.61,A+
clip42_clip987_dino_clipconcat,CLIP-42 + CLIP-987 + DINO + CLIP-concat (4M),4,weighted,clip/none/42 + clip/none/987 + dino/none/42 + clip/concat/42,0.9955,0.9662,0.9468,0.869,0.8764,0.8095,0.9552,0.7991,0.7216,0.7454,0.7105,0.7838,20445,30204,-0.1477,-0.1474,8.61,A+
robust987_dino_resnetcf,CLIP-987 + DINO + ResNet-CF (5 modelos),5,mean,"clip/none/987 + dino/none/{42,123} + resnet/concat_frequency/{42,123}",0.9963,0.9764,0.9442,0.8701,0.8768,0.8062,0.961,0.7963,0.721,0.7341,0.6715,0.8094,16496,34274,-0.1479,-0.1491,8.59,A+
robust987_dino_resnetcf,CLIP-987 + DINO + ResNet-CF (5 modelos),5,weighted,"clip/none/987 + dino/none/{42,123} + resnet/concat_frequency/{42,123}",0.9963,0.9764,0.9442,0.8701,0.8768,0.8062,0.961,0.7963,0.721,0.7341,0.6715,0.8094,16496,34274,-0.1479,-0.1491,8.59,A+
clip987_dino42,CLIP-987 + DINO-42 (2M),2,max,clip/none/987 + dino/none/42,0.9965,0.9821,0.9441,0.8779,0.8855,0.8234,0.9577,0.795,0.7164,0.7276,0.6607,0.8097,16199,35409,-0.1492,-0.1615,8.58,A+
clip_none_top3plus987,CLIP 3 Seeds Padrão + seed 987,4,mean,"clip/none/{42,123,2024} + clip/none/seed_987",0.9886,0.9472,0.9318,0.8396,0.8445,0.7599,0.9505,0.7957,0.7081,0.7259,0.6737,0.7867,19058,34044,-0.1361,-0.1314,8.57,A+
clip_none_top3plus987,CLIP 3 Seeds Padrão + seed 987,4,weighted,"clip/none/{42,123,2024} + clip/none/seed_987",0.9886,0.9472,0.9318,0.8396,0.8445,0.7599,0.9505,0.7957,0.7081,0.7259,0.6737,0.7867,19058,34044,-0.1361,-0.1314,8.57,A+
clip_none_5seeds,"CLIP Padrão (5 seeds, sem robust)",5,mean,"clip/none/{42,123,2024,7,2025}",0.9861,0.943,0.9342,0.8507,0.8583,0.7885,0.9416,0.7654,0.6899,0.7294,0.729,0.7299,28149,28279,-0.1687,-0.1608,8.38,A+
clip_none_5seeds,"CLIP Padrão (5 seeds, sem robust)",5,weighted,"clip/none/{42,123,2024,7,2025}",0.9861,0.943,0.9342,0.8507,0.8583,0.7885,0.9416,0.7654,0.6899,0.7294,0.729,0.7299,28149,28279,-0.1687,-0.1608,8.38,A+
clip_none_5seeds,"CLIP Padrão (5 seeds, sem robust)",5,geometric,"clip/none/{42,123,2024,7,2025}",0.9865,0.9418,0.9345,0.8513,0.8592,0.7915,0.9397,0.7654,0.692,0.7315,0.7317,0.7314,28039,27999,-0.1692,-0.1593,8.38,A+
clip987_clip42_dino42,CLIP-987 + CLIP-42 + DINO-42 (3M),3,max,clip/none/987 + clip/none/42 + dino/none/42,0.9918,0.9663,0.9406,0.8729,0.8823,0.8304,0.941,0.7647,0.7099,0.7439,0.7344,0.7536,25062,27713,-0.1758,-0.163,8.38,A+
clip_none_5seeds,"CLIP Padrão (5 seeds, sem robust)",5,stacking,"clip/none/{42,123,2024,7,2025}",0.9862,0.9426,0.9343,0.8519,0.8597,0.7915,0.9408,0.7651,0.6888,0.7292,0.7304,0.7279,28492,28129,-0.1691,-0.1631,8.37,A+
clip_none_42plus987,CLIP Robusto (seed 42 + seed 987),2,max,clip/none/seed_42 + clip/none/seed_987,0.9826,0.9334,0.9211,0.8419,0.8515,0.7905,0.9227,0.7663,0.7051,0.7409,0.7351,0.7467,26020,27636,-0.1548,-0.1368,8.36,A+
clip42_clip987_dino_clipconcat,CLIP-42 + CLIP-987 + DINO + CLIP-concat (4M),4,max,clip/none/42 + clip/none/987 + dino/none/42 + clip/concat/42,0.9888,0.9562,0.9387,0.8735,0.8847,0.8456,0.9275,0.7625,0.7088,0.749,0.7576,0.7406,27689,25292,-0.1762,-0.1647,8.36,A+
clip_none_top3plus987,CLIP 3 Seeds Padrão + seed 987,4,max,"clip/none/{42,123,2024} + clip/none/seed_987",0.9847,0.9373,0.9294,0.8528,0.8633,0.8106,0.9232,0.7549,0.6849,0.7323,0.7515,0.714,31409,25925,-0.1745,-0.1679,8.3,A+
clip_none_5seeds,"CLIP Padrão (5 seeds, sem robust)",5,max,"clip/none/{42,123,2024,7,2025}",0.9837,0.9335,0.9303,0.8559,0.8685,0.8294,0.9114,0.7473,0.6781,0.7338,0.7738,0.6978,34963,23606,-0.183,-0.1778,8.25,A+
robust987_dino_resnetcf,CLIP-987 + DINO + ResNet-CF (5 modelos),5,max,"clip/none/987 + dino/none/{42,123} + resnet/concat_frequency/{42,123}",0.9573,0.9043,0.8915,0.8268,0.8524,0.872,0.8336,0.7129,0.691,0.7485,0.8019,0.7018,35548,20673,-0.1786,-0.1358,7.97,A
