family,mode,regime,num_runs,test_auc_mean,test_auc_std,test_d_auc_mean,test_d_auc_std,df40_auc_mean,df40_auc_std,celeb_video_auc_mean,celeb_video_auc_std,celeb_frame_auc_mean,celeb_frame_auc_std
clip,complex,finetune,5,52.71,3.78,51.97,2.52,47.23,5.48,47.02,5.97,47.08,5.37
clip,concat,finetune,5,89.41,0.42,72.6,1.19,76.5,3.23,63.87,3.03,60.51,2.04
clip,concat_frequency,finetune,5,77.89,0.72,65.05,0.6,59.39,2.07,43.01,2.83,46.9,1.85
clip,frequency_3,finetune,5,73.16,0.6,53.28,0.7,47.25,2.71,57.31,1.09,54.53,0.73
clip,magnitude,finetune,5,73.36,0.14,53.0,0.41,48.27,2.45,51.58,1.43,51.3,1.07
clip,none,finetune,6,91.73,0.64,76.51,4.08,76.39,4.6,71.35,2.83,66.67,2.68
clip,none,finetune_robust,6,90.74,0.14,84.55,0.22,81.43,1.32,66.97,1.44,62.94,1.06
clip,phase,finetune,5,62.65,1.0,49.94,0.22,51.8,3.3,55.93,2.93,54.26,1.49
clip,srm,finetune_robust,2,89.32,0.14,83.3,0.04,80.99,0.76,63.65,4.82,60.39,2.7
dino,complex,finetune,5,49.95,0.13,49.77,0.52,50.0,0.0,50.4,2.35,50.39,0.57
dino,concat,finetune,5,91.66,0.7,68.34,1.02,75.58,2.07,69.64,2.06,64.74,1.74
dino,concat_frequency,finetune,5,86.03,0.82,68.2,1.01,70.53,3.91,36.64,1.92,41.23,2.82
dino,frequency_3,finetune,5,76.31,1.66,53.71,0.63,50.03,2.71,54.67,2.88,53.69,2.23
dino,magnitude,finetune,5,76.14,0.31,53.65,0.4,48.45,2.64,51.68,2.33,51.26,1.02
dino,none,finetune,6,93.39,0.73,73.7,5.55,72.08,2.89,72.4,7.72,67.28,6.18
dino,none,finetune_robust,6,92.65,0.92,84.5,1.75,77.46,3.35,65.57,2.2,62.96,1.86
dino,phase,finetune,5,71.28,0.74,53.32,0.9,52.06,2.57,62.55,1.85,57.56,1.37
dino,srm,finetune_robust,2,91.98,1.01,85.35,0.9,80.39,1.23,79.54,5.16,74.75,4.43
mobilenet,complex,finetune,5,68.72,0.41,53.37,0.31,59.82,4.5,56.1,1.3,53.63,0.69
mobilenet,concat,finetune,5,80.49,0.66,62.96,0.25,66.76,1.77,56.92,1.94,54.96,1.46
mobilenet,concat_frequency,finetune,5,70.84,0.17,60.32,0.3,56.35,2.48,41.47,2.2,45.3,0.62
mobilenet,dtcwt,finetune_robust,1,79.69,0.0,72.1,0.0,69.13,0.0,57.77,0.0,55.17,0.0
mobilenet,frequency_3,finetune,5,71.27,0.71,54.52,0.89,42.58,3.05,57.69,1.99,55.67,1.56
mobilenet,magnitude,finetune,5,71.77,0.56,54.2,0.28,45.08,1.85,55.13,1.28,54.51,0.75
mobilenet,none,finetune,6,84.54,0.45,68.32,3.27,70.37,1.4,67.32,1.86,62.06,1.2
mobilenet,none,finetune_robust,6,83.22,0.63,74.9,0.57,70.59,1.93,68.61,1.36,63.8,1.36
mobilenet,phase,finetune,5,62.87,0.47,52.34,0.35,50.96,1.88,55.13,1.37,52.52,0.71
mobilenet,srm,finetune_robust,2,83.3,0.0,74.09,0.0,74.3,0.0,71.4,0.0,65.62,0.0
resnet,complex,finetune,5,69.92,3.48,54.36,0.95,47.63,4.84,58.92,5.92,56.74,4.18
resnet,concat,finetune,5,87.17,1.14,66.62,2.28,77.99,1.6,64.94,2.73,61.59,3.08
resnet,concat_frequency,finetune,5,83.37,0.72,68.66,1.03,70.71,3.16,38.6,1.86,43.44,2.31
resnet,frequency_3,finetune,5,75.0,0.58,53.65,0.52,44.21,1.04,52.88,2.11,52.31,1.21
resnet,magnitude,finetune,5,75.03,0.92,54.09,1.32,45.1,4.93,53.11,2.52,52.77,1.65
resnet,magnitude,scratch,5,75.87,2.31,,,36.06,3.16,55.59,3.28,54.29,2.37
resnet,none,finetune,6,87.65,2.2,68.04,3.91,69.09,3.19,72.35,3.78,66.69,2.81
resnet,none,finetune_robust,6,84.67,0.9,76.72,0.78,67.4,2.64,65.12,3.3,61.31,2.6
resnet,none,scratch,5,86.51,0.28,,,64.84,1.75,55.41,1.33,53.82,0.86
resnet,phase,finetune,5,64.67,0.72,52.11,0.24,50.52,1.2,63.68,1.28,56.98,0.36
resnet,srm,finetune_robust,1,84.43,0.0,76.24,0.0,67.87,0.0,65.52,0.0,62.32,0.0
vit,complex,finetune,5,57.01,0.87,55.41,0.57,50.93,1.1,50.15,1.9,50.01,1.29
vit,concat,finetune,5,82.65,0.35,71.23,0.56,63.24,2.37,58.76,2.26,54.89,1.51
vit,concat_frequency,finetune,5,79.15,0.72,67.56,0.65,54.16,2.19,45.23,1.41,48.93,0.33
vit,frequency_3,finetune,5,72.4,0.72,52.81,0.7,47.23,3.02,55.66,2.03,54.56,1.59
vit,magnitude,finetune,5,72.4,0.91,53.47,0.9,44.47,1.97,55.34,2.73,53.21,1.77
vit,none,finetune,6,81.49,0.85,70.36,2.84,70.4,1.57,69.45,4.22,64.83,3.66
vit,none,finetune_robust,6,82.18,0.53,76.32,0.49,72.36,1.78,67.12,1.95,62.7,1.38
vit,phase,finetune,5,60.2,0.51,49.55,0.34,52.64,1.81,53.92,1.2,52.64,0.93
vit,srm,finetune_robust,3,81.52,0.78,76.11,1.05,75.22,0.0,60.99,0.12,58.3,0.36
xception,complex,finetune,5,56.22,0.45,51.74,0.42,48.95,1.4,56.28,1.46,53.69,1.06
xception,concat,finetune,5,73.29,0.39,61.19,0.26,73.44,1.08,58.44,1.85,55.54,1.13
xception,concat_frequency,finetune,5,65.92,0.6,57.46,0.54,59.73,1.58,45.78,2.06,47.72,1.21
xception,frequency_3,finetune,5,69.94,1.32,53.3,1.09,45.58,3.17,55.15,1.32,53.35,0.89
xception,magnitude,finetune,5,70.35,0.75,53.28,0.8,41.8,2.67,53.3,1.65,51.84,1.08
xception,none,finetune,6,77.08,0.63,63.88,2.21,72.98,2.44,65.56,2.37,60.22,1.47
xception,none,finetune_robust,6,75.55,0.27,68.48,0.37,67.34,0.97,59.03,2.99,56.72,2.0
xception,phase,finetune,5,58.89,0.63,51.11,0.5,48.07,2.55,56.14,0.74,53.68,0.85
xception,srm,finetune_robust,1,75.91,0.0,68.69,0.0,68.07,0.0,53.98,0.0,59.92,0.0
