model_family,fourier_mode,regime,seed,test_auc,test_acc,test_f1,test_precision,test_recall,test_specificity,test_d_auc,test_d_acc,test_d_f1,test_d_precision,test_d_recall,test_d_specificity,delta_auc,delta_acc
resnet,none,finetune,42,0.8988364791207563,0.7965341555507922,0.800721322064919,0.9134172551427694,0.7127797211174469,0.9091518259838663,0.6739091842673386,0.627413477551155,0.6449673462761139,0.7110556825792743,0.5901193157314677,0.6775598567047241,-0.22492729485341767,-0.16912067799963726
resnet,none,finetune,123,0.8893023303687602,0.7896365425096319,0.7963889967603108,0.8949854129800564,0.7173606785183766,0.8868199273214608,0.6735816762000355,0.625209539041589,0.6399387507260151,0.712552178258569,0.5807561454789401,0.6849823458158295,-0.21572065416872466,-0.16442700346804284
resnet,none,finetune,2024,0.8677470617970909,0.7483882669128922,0.7443572074738383,0.8918282418744062,0.6387368824572333,0.8958274271281668,0.6568543717561092,0.5854836848093126,0.5797111140831884,0.6925688720823403,0.4984810005270976,0.7024690085307079,-0.21089269004098177,-0.1629045821035796
resnet,none,finetune,7,0.8833106315271932,0.7839865455324903,0.7909692859992022,0.8886352772466539,0.7126455508170013,0.8799128888430711,0.6559425751785914,0.618965962615487,0.6320208914979671,0.7082931820074473,0.5705783698308496,0.6840287621453055,-0.2273680563486018,-0.16502058291700328
resnet,none,finetune,2025,0.8831446723668861,0.7671244922972075,0.7669861800823806,0.8998632152166619,0.6683022665197182,0.9000025772531636,0.66345169971254,0.6025655822849512,0.5910417373600272,0.7209934460158676,0.5007810628204514,0.7394268188964201,-0.21969297265434606,-0.1645589100122563
resnet,magnitude,finetune,42,0.7621782239560235,0.6905417511692965,0.7444341057122756,0.70712253168923,0.7859025348603191,0.5623179814953223,0.5606516180728067,0.5590089421644765,0.6436555978451549,0.5997665987982321,0.6944750586995064,0.3768588438442308,-0.2015266058832168,-0.13153280900482
resnet,magnitude,finetune,123,0.7520467647668421,0.6885521607940774,0.7314678355645066,0.7234626921634796,0.7396521155781303,0.619842272106389,0.5435558547266475,0.5465272854182811,0.6150565928580093,0.5992654077986781,0.6317025252767262,0.4319991752789877,-0.2084909100401946,-0.14202487537579633
resnet,magnitude,finetune,2024,0.7427685352533426,0.6805168538090762,0.721691044454552,0.7210868733256793,0.7222962288561982,0.6243395788768331,0.5284225285077958,0.5421743694592381,0.6222736135673151,0.5905667685157292,0.6575782260769563,0.3870003350429112,-0.21434600674554682,-0.1383424843498381
resnet,magnitude,finetune,7,0.7550264262677269,0.6923609622582401,0.7354125699591589,0.725596276362551,0.7454981072404044,0.620911832169274,0.5429552865693412,0.5428448943923231,0.6143524786261383,0.5950565390384321,0.6349417796731995,0.4190098193345532,-0.21207113969838565,-0.14951606786591698
resnet,magnitude,finetune,2025,0.7394586801253629,0.6755703584010728,0.7247333790331231,0.7057984704535959,0.7447122526235086,0.5826009638926832,0.528996413530361,0.5438067129438793,0.6387325629474876,0.585088908380512,0.7032057118213618,0.3294760444318445,-0.2104622665950019,-0.13176364545719355
resnet,phase,finetune,42,0.6360810945767699,0.5988502146229396,0.6410932229226699,0.6583414969146713,0.6247256696535531,0.5640576273807376,0.5195211190570812,0.5328254931381117,0.6104641837487569,0.5849419493088367,0.6383152043701183,0.3909821911806396,-0.11655997551968866,-0.06602472148482796
resnet,phase,finetune,123,0.6488991148692059,0.6104744788317477,0.6581418793441927,0.6625296197024434,0.6538118740715895,0.5522022628282777,0.5226207636163392,0.5445541833610886,0.6348618840522237,0.5875923720657086,0.6904020317216925,0.3484446277157805,-0.12627835125286668,-0.06592029547065903
resnet,phase,finetune,2024,0.655791112310912,0.6130576486559273,0.6557125322144467,0.6694659690046333,0.642512818055489,0.5734517151619803,0.5237640649324591,0.5465053009942455,0.6343687685558559,0.5899773336080775,0.6859839953998754,0.3589598206231798,-0.13202704737845294,-0.06655234766168172
resnet,phase,finetune,7,0.644910425842903,0.602263296454462,0.6339277132812302,0.6712984786800943,0.6004983468302266,0.6046364784412773,0.5178488608271177,0.5334190725870721,0.6133018726114069,0.5844358787373685,0.6451674732857349,0.3831602278291796,-0.12706156501578536,-0.06884422386738986
resnet,phase,finetune,2025,0.6479927331291127,0.6103480683935432,0.6498202078476311,0.670465085464423,0.6304087402367148,0.5833741398417567,0.521756154458387,0.5443343391207329,0.6373763837799773,0.5862446293226912,0.6982797450764292,0.3373366665807582,-0.12623657867072569,-0.06601372927281024
resnet,complex,finetune,42,0.7310925061620142,0.659582186021204,0.7424315512824778,0.6557626334232004,0.8554985864200488,0.3961495837736141,0.5508591033651896,0.5553155589265005,0.6367640126602169,0.5989695945945946,0.6796492405002635,0.3881343264348857,-0.18023340279682454,-0.10426662709470347
resnet,complex,finetune,123,0.7344426264093555,0.6683264906813523,0.7330546524229757,0.6807344725599737,0.794086923187503,0.4992268240509265,0.55248144131655,0.5510011157095198,0.6191031247960164,0.6028347543424768,0.6362738990847668,0.436341846859617,-0.18196118509280557,-0.11732537497183249
resnet,complex,finetune,2024,0.6848014617057606,0.632689739319692,0.6774550070222347,0.6823652944951095,0.6726148833197566,0.5790056957294915,0.5465687283871545,0.539926462101601,0.570143321505415,0.6141472696698823,0.5320235756385069,0.5505528208035876,-0.13823273331860608,-0.09276327721809097
resnet,complex,finetune,7,0.6950878808193961,0.6386420221273228,0.6909554116176098,0.6780288004723204,0.7043844937467056,0.5502435504239581,0.5384651575520774,0.5328804541982006,0.5658519142849846,0.6058521111354189,0.5308064593416072,0.5356691837839231,-0.15662272326731874,-0.10576156792912217
resnet,complex,finetune,2025,0.6506762328102916,0.6085068728805642,0.6569544843794397,0.6602838389901063,0.6536585365853659,0.5477951599185588,0.5296800926374625,0.5348920289974552,0.596075548788346,0.5937601034594245,0.5984091235804303,0.4494858379938661,-0.12099614017282911,-0.0736148438831089
resnet,concat,finetune,42,0.8708576795343927,0.7633816441051515,0.7643749247457775,0.8910538605826284,0.6692318750299487,0.8899770624468442,0.6478589091752335,0.587819529863092,0.5783836964160225,0.699578403372773,0.4929800182088265,0.7153423880827814,-0.22299877035915927,-0.17556211424205947
resnet,concat,finetune,123,0.8719498112790347,0.7626451658999599,0.7636544734134542,0.8901491470929713,0.6686376922708324,0.889049251307956,0.6704185299332889,0.6079462700676571,0.6290902094956816,0.6876236160683838,0.5797402846327088,0.6458725290585294,-0.20153128134574583,-0.15469889583230279
resnet,concat,finetune,2024,0.8848593993917804,0.7883284692795155,0.7950291386146519,0.893967684021544,0.7158081364703628,0.885840571119301,0.7039240088513117,0.6338549137935773,0.6545105665759108,0.7131894213381555,0.6047534620729311,0.6729852323393727,-0.1809353905404687,-0.15447355548593822
resnet,concat,finetune,7,0.8768559474755285,0.7767481739187786,0.7792919084566734,0.8997854427282651,0.687258613254109,0.8970773949125023,0.6567058896671437,0.6136951969529588,0.6390225614108971,0.6884405984419264,0.5962240644017442,0.6371871858972706,-0.2201500578083848,-0.16305297696581977
resnet,concat,finetune,2025,0.8538328266495273,0.7375994108174359,0.7293710852251792,0.8926876647703621,0.6165700321050361,0.9003376201644288,0.6519345563213232,0.5800590281785355,0.5671653628056897,0.6935247014491147,0.4797546600220422,0.7149300275766088,-0.20189827032820407,-0.15754038263890036
resnet,frequency_3,finetune,42,0.7483616814488686,0.6834078055697538,0.7251594803112789,0.7220691358963152,0.728276390818918,0.6230767248266798,0.5436179454222991,0.542537112455825,0.6114881580298547,0.5960525238186236,0.62774450141358,0.4279657740779877,-0.20474373602656948,-0.14087069311392875
resnet,frequency_3,finetune,123,0.7553818271201969,0.6873759941081744,0.7394449101494684,0.7082448535476737,0.7735205328477647,0.5715445478209324,0.5332708171708795,0.5446641054812665,0.6282770905403525,0.5906874325053996,0.670976088935742,0.374822813845004,-0.22211100994931732,-0.14271188862690787
resnet,frequency_3,finetune,2024,0.7484212419436094,0.6900800782645495,0.7297189775249124,0.7299253974646644,0.7295126743015957,0.6370583232390917,0.5345547722420347,0.5283351745288463,0.5648483373391341,0.5997480321743531,0.5337869567300781,0.5210046132831628,-0.21386646970157464,-0.16174490373570327
resnet,frequency_3,finetune,7,0.7558217574675989,0.6864416560866626,0.7431141849815612,0.7008374241986717,0.7908189180123628,0.5460941728305971,0.5400993274777105,0.5463349217079699,0.6351319692167602,0.58943896555685,0.6885044803296756,0.3551712584727198,-0.21572242998988844,-0.1401067343786927
resnet,frequency_3,finetune,2025,0.741842128642713,0.6803684589468362,0.7295572916666667,0.708631826189078,0.7517561933969045,0.5843792685755522,0.5308863400493029,0.5449004380396489,0.6350639048038783,0.5878829913100241,0.6904787004648043,0.3491533723357645,-0.21095578859341013,-0.13546802090718724
resnet,concat_frequency,finetune,42,0.8353759574196332,0.7476737731317362,0.7610994317590491,0.8326710464891206,0.7008577315635631,0.8106234375402696,0.6820778804831023,0.6422309793511297,0.6841382522915079,0.6928898586621061,0.6756049643011165,0.5973557382541687,-0.15329807693653097,-0.1054427937806065
resnet,concat_frequency,finetune,123,0.844204501641135,0.7598366557294157,0.7753818000503755,0.8362086169811739,0.7228041592793139,0.809631195072292,0.7014917751137622,0.653283648535013,0.6904551610433963,0.7074438668288906,0.6742632612966601,0.6250740960284529,-0.14271272652737288,-0.10655300719440275
resnet,concat_frequency,finetune,2024,0.8240945514320384,0.7372421639268578,0.7513703545759962,0.8214484711340558,0.6923091667065983,0.797659854127471,0.6734979972887998,0.6231100265461921,0.6458137492898094,0.7003640844675965,0.5991470602328813,0.6553310481688617,-0.15059655414323858,-0.11413213738066574
resnet,concat_frequency,finetune,7,0.8319454869300458,0.7419798073065234,0.7507009643570245,0.8417949908892779,0.6773970961713547,0.8288188448751321,0.6895246868404306,0.6325138639274074,0.6635400679330733,0.6985696122059758,0.6318558627629498,0.6333986237468107,-0.14242080008961522,-0.10946594337911597
resnet,concat_frequency,finetune,2025,0.8330793156150843,0.7479101056901185,0.7653273710546378,0.8209338572651637,0.7167760793521492,0.7897734594469215,0.6862321261938841,0.649694691311206,0.7027372407456638,0.684467783551986,0.722008721069529,0.5524599881446355,-0.14684718942120023,-0.09821541437891246
xception,none,finetune,42,0.7730154748967348,0.7064364897470142,0.744034925457534,0.7440955448201825,0.7439743159710576,0.6559624751939384,0.6306890589702533,0.6022962730905154,0.6391062567018279,0.66630615640599,0.614039963582347,0.5865055024355043,-0.14232641592648154,-0.10414021665649886
xception,none,finetune,123,0.7659210433516126,0.7013415994767707,0.7471193760354424,0.7261871375713549,0.7692941683837271,0.6099713924898843,0.6296720220647054,0.6064513292332383,0.6508214388468159,0.6625265582494391,0.6395227370741291,0.5619829385840571,-0.1362490212869072,-0.09489027024353236
xception,none,finetune,2024,0.7767719111030211,0.7086843971046514,0.7506445117705727,0.7372088080651272,0.7645790406823518,0.6335274864049896,0.6284181383844509,0.6054620301516376,0.6457353514516535,0.6656390533748449,0.626987397575351,0.5765186464266385,-0.1483537727185702,-0.10322236695301379
xception,none,finetune,7,0.775040053723842,0.7065409157611832,0.7460838302850458,0.740477831163805,0.7517753605826825,0.6457178938687147,0.6286327195640347,0.6046595986743393,0.6436254279358505,0.6662324608189054,0.6225022761033111,0.5806680240199995,-0.14640733415980733,-0.10188131708684389
xception,none,finetune,2025,0.773838853808416,0.706343055944863,0.741968821836305,0.7478266795167586,0.7362020221380996,0.6661941702533439,0.6313033326706541,0.6035493852605429,0.636006277406886,0.671658175772174,0.6039484402702573,0.603012808948223,-0.1425355211377619,-0.1027936706843201
xception,magnitude,finetune,42,0.6949075623243298,0.6441436242422244,0.7050156497018129,0.671943933025324,0.7415113325985913,0.5132213087291565,0.5211391879118876,0.5442573936366084,0.6260457019676109,0.5912467205015504,0.6651971824236906,0.3816396484626685,-0.1737683744124422,-0.09988623060561597
xception,magnitude,finetune,123,0.7082427433086389,0.6576200761760292,0.715317859639983,0.6836597424832719,0.7500503138626671,0.5333367696708847,0.5349748908125005,0.5525015526499475,0.6356888135198865,0.596199684426092,0.6807801044611624,0.3800159789696142,-0.1732678524961384,-0.10511852352608175
xception,magnitude,finetune,2024,0.7087976570729813,0.6541410410724002,0.71878016517107,0.6734046205504802,0.7707125401312952,0.4973969743047859,0.5361785102757717,0.5518804926709426,0.6379324126293352,0.5943812321568952,0.68837031002923,0.3683539084044225,-0.17261914679720958,-0.1022605484014576
xception,magnitude,finetune,7,0.7099847310624592,0.6555260597866411,0.7160358466459464,0.6790320778874825,0.7573050936796205,0.5186721991701245,0.542366583298185,0.5552001407003139,0.6414902099760786,0.5964413690843939,0.693900043126168,0.3687018375815056,-0.1676181477642742,-0.10032591908632726
xception,magnitude,finetune,2025,0.695660923285552,0.6456660456066876,0.7076190476190476,0.6716456459041797,0.7476639992333126,0.5085178217056261,0.5294917115351779,0.5443288430147241,0.622076963050078,0.5931776099032452,0.6539364607791461,0.3969485322543233,-0.16616921175037402,-0.10133720259196355
xception,phase,finetune,42,0.5973188100163289,0.5784871418599922,0.7262538326176734,0.5786390317149748,0.9749772389668888,0.0453596556789773,0.5190495811430103,0.573271337257553,0.7227744690575146,0.5759803782088856,0.9699841870717332,0.0398443339089198,-0.07826922887331866,-0.0052158046024392
xception,phase,finetune,123,0.5933707941425685,0.5866103865411356,0.7098847098847099,0.5940199078198226,0.8819013848291725,0.1895569701811809,0.5101523100058174,0.5669013503932464,0.7098306507738364,0.5763765966607663,0.9237050170108774,0.0871369294605809,-0.08321848413675115,-0.019709036147889214
xception,phase,finetune,2024,0.5827423401035625,0.5785256146020544,0.7125970677300393,0.5851156149410077,0.9111025923618764,0.131336821215948,0.5057720505913377,0.5684787328177986,0.7165805128797504,0.5747948505608673,0.951219512195122,0.0538388185871498,-0.07697028951222484,-0.010046881784255834
xception,phase,finetune,7,0.5877517472258056,0.5798171995141442,0.7175083416164445,0.5838735672275477,0.9304710335904932,0.1083219504651942,0.5120720995766842,0.570501299829071,0.7168233307484364,0.5763298507723594,0.947894005462648,0.0630524986469421,-0.07567964764912138,-0.009315899685073181
xception,phase,finetune,2025,0.583344366880693,0.5804107789631047,0.7061255442083909,0.5900756581486915,0.8789975561838134,0.1789258008814205,0.5085909241103002,0.5663022748382771,0.7089351845021172,0.5762609211875536,0.9209736930375196,0.0894049122445297,-0.07475344277039286,-0.014108504124827559
xception,complex,finetune,42,0.5678438510589527,0.5735021737099265,0.7289310241237416,0.5735039493428755,0.9999233312568884,0.0001288626581789,0.5192159798899117,0.5735076698159354,0.7289392515692733,0.5735046775204194,0.9999520820355552,0.0001030901265431,-0.04862787116904099,5.496106008862078e-06
xception,complex,finetune,123,0.5625347330681076,0.5734637009678643,0.7289169883158391,0.5734802682202924,0.999942498442666,1.2886265817891292e-05,0.5131379493656978,0.5734746931798821,0.7289277618071249,0.5734841489689135,0.9999712492213332,0.0,-0.04939678370240985,1.0992212017835179e-05
xception,complex,finetune,2024,0.5646791271215383,0.5734911814979088,0.7289410811339472,0.5734911814979088,1.0,0.0,0.5232317854009653,0.5734911814979088,0.7289410811339472,0.5734911814979088,1.0,0.0,-0.04144734172057307,0.0
xception,complex,finetune,7,0.5599423673632418,0.5734966776039176,0.7289265840648612,0.5735016050305616,0.9999137476639992,0.0001288626581789,0.5136137337146736,0.573480189285891,0.7289170514961191,0.5734929560432916,0.9999041640711104,0.0001030901265431,-0.04632863364856821,-1.6488318026697257e-05
xception,complex,finetune,2025,0.5561749204976554,0.5733537788476865,0.7287580671649353,0.5734632601212014,0.9993962336479948,0.0004896781010798,0.5180406564903643,0.5729195864729839,0.7280877330496612,0.5734135842276127,0.997029086204418,0.0026545707584856,-0.03813426400729103,-0.0004341923747025467
xception,concat,finetune,42,0.7345784126027055,0.6729487158348311,0.7273093878598466,0.6968816137275737,0.7605155972974268,0.5552047627638463,0.6107458336629101,0.5910567363023298,0.6449485598671527,0.6422699322365732,0.6476496238439791,0.5149609546145718,-0.12383257893979538,-0.08189197953250127
xception,concat,finetune,123,0.7360854587040541,0.6755978389311174,0.7301389904901243,0.6981245901639345,0.7652307249988021,0.5550759001056674,0.6134350575408107,0.5919471054757705,0.6446295232624928,0.6439206311259862,0.6453399779577363,0.520154119739182,-0.12265040116324333,-0.0836507334553469
xception,concat,finetune,2024,0.7355772603547927,0.6729761963648755,0.7320704080116356,0.6904494954642748,0.7790310987589247,0.5303729285327697,0.6122755971721516,0.5927440408470599,0.6527222537270763,0.6387100324693192,0.6673630744165988,0.492409989433262,-0.12330166318264102,-0.0802321555178156
xception,concat,finetune,7,0.7318335846329093,0.6715691932265989,0.7277647433999226,0.6935915248350122,0.7654798984139154,0.5452952243498879,0.6149254134919523,0.5912216194825965,0.641923836117664,0.644966864992986,0.6389093871292347,0.5270998170150254,-0.11690817114095697,-0.08034757374400237
xception,concat,finetune,2025,0.7265319470857187,0.6670294096632536,0.7236693866566929,0.6904417908369308,0.7602568402894245,0.5416741836550605,0.6082670078835086,0.5848846092543433,0.6306957367847171,0.6438326079143872,0.6180842397814941,0.5402438081492745,-0.11826493920221004,-0.08214480040891037
xception,frequency_3,finetune,42,0.6980984114382796,0.6471390020170709,0.7074919813383875,0.674318021937938,0.7440989026786142,0.5167650318290765,0.53208370137776,0.5425755851978873,0.6095433796381003,0.5970424968752298,0.622578944846423,0.4350016752145563,-0.1660147100605196,-0.10456341681918357
xception,frequency_3,finetune,123,0.7106338220711715,0.6573397747695757,0.7221162417543234,0.6749739615881348,0.776338109157123,0.4973325429756965,0.5439523460888438,0.5502976141403816,0.6243009192510078,0.5992718681958022,0.6515118117782357,0.4142032421844798,-0.16668147598232774,-0.10704216062919414
xception,frequency_3,finetune,2024,0.7022802245821049,0.6502882707601664,0.7118238760139313,0.674815807099799,0.7531266471800278,0.5120099997422747,0.5306821457470589,0.5396406645891386,0.6040062216044743,0.596028961707845,0.612199913747664,0.4420762351485786,-0.17159807883504608,-0.11064760617102776
xception,frequency_3,finetune,7,0.7083130005957519,0.6559767404793704,0.7104810360777059,0.6866300120691967,0.736048684651876,0.5483106105512745,0.5419246528595656,0.5402067635080545,0.588049911856528,0.6047623388330143,0.5722363314006421,0.4971392489884281,-0.16638834773618627,-0.11576997697131586
xception,frequency_3,finetune,2025,0.6775659304589272,0.6315410531638335,0.6898249250471925,0.6668515354545536,0.7144376826872394,0.5200768021442747,0.5164801809509589,0.5182827966385816,0.5557295864316742,0.5898340829370118,0.5253533949877809,0.508775547021984,-0.16108574950796828,-0.1132582565252519
xception,concat_frequency,finetune,42,0.6633426140669694,0.6118814819700242,0.7076082230917334,0.622942334329664,0.8189084287699459,0.3335094456328445,0.582072455951185,0.5787124822063568,0.6898764393160871,0.5969500283571744,0.8170683789352629,0.2582149944589057,-0.08127015811578442,-0.033168999763667384
xception,concat_frequency,finetune,123,0.649526326827546,0.6038681594090587,0.7011530950297914,0.6179183231992517,0.8103023623556471,0.3262931367748254,0.5688376657019938,0.5733153061056242,0.6908982322025801,0.5909682253175765,0.8315012698260578,0.2261539651039921,-0.08068866112555217,-0.03055285330343449
xception,concat_frequency,finetune,2024,0.6617613051239659,0.6115297311854551,0.6998568947433236,0.6283455080597197,0.7897359720159087,0.3719105177701605,0.5706622068796422,0.5730075241691261,0.6781476817021841,0.597253336641394,0.7843883271838612,0.2887812169789438,-0.09109909824432372,-0.03852220701632891
xception,concat_frequency,finetune,7,0.6639102906004041,0.6134643605005853,0.7046501568530285,0.6271379021648128,0.8040251090133691,0.3572330610035824,0.5781850367714402,0.5782618015136276,0.6901088782631171,0.5963593469718226,0.8188317600268341,0.2547872477513466,-0.0857252538289639,-0.03520255898695768
xception,concat_frequency,finetune,2025,0.6575643611613375,0.6096115901883515,0.6978732454274776,0.6273947458988184,0.7861900426469883,0.3721811293523362,0.5734904703486282,0.5738319400704601,0.6826423279990177,0.5957424009715326,0.7992237289759931,0.2707662173655318,-0.08407389081270933,-0.035779650117891415
mobilenet,none,finetune,42,0.8461152153758994,0.7441287847560004,0.7403093640354547,0.8856471718762512,0.6359480569265418,0.8895904744723074,0.6717405392854265,0.6193067211880383,0.6226561052941241,0.7214108082861002,0.5476831664190905,0.7156129996649571,-0.17437467609047286,-0.1248220635679621
mobilenet,none,finetune,123,0.844571807886681,0.740105635157491,0.7373951096524111,0.8767497755005018,0.6362643154918779,0.8797324811216206,0.6760288377277714,0.6167180552578498,0.6068297523270433,0.7369567003532989,0.5157602185059179,0.7524677199041262,-0.1685429701589095,-0.12338757989964111
mobilenet,none,finetune,2024,0.8472696618392533,0.7383358890226275,0.7308507691350975,0.89105621570952,0.6194738607503953,0.8981598412412051,0.6641345718302891,0.6140909165855991,0.609641246879743,0.7259426967482259,0.5254588145095597,0.7332671838354682,-0.18313509000896422,-0.12424497243702837
mobilenet,none,finetune,7,0.8509548560572863,0.7460249413290684,0.7431493524540048,0.8846688281611857,0.640663184627917,0.8876961933970774,0.6730401366988218,0.6191033652657092,0.6179400528135044,0.7274036963970512,0.5371124634625521,0.7293497590268292,-0.17791471935846448,-0.1269215760633592
mobilenet,none,finetune,2025,0.8462965763685738,0.7434747481409422,0.7381160786426071,0.8903071238105551,0.6303608222722699,0.895569701811809,0.6650785773417799,0.6188505443893002,0.624061495427416,0.7183865009235685,0.5516316066893479,0.7092342980851009,-0.18121799902679392,-0.12462420375164196
mobilenet,magnitude,finetune,42,0.7200467188976883,0.6593678378868572,0.6702105582427406,0.7534456355283308,0.6035363457760314,0.7344398340248963,0.546006841133216,0.5247901861531106,0.5150837048876924,0.6208896700919416,0.4400881690545785,0.6386819927321461,-0.17403987776447238,-0.13457765173374658
mobilenet,magnitude,finetune,123,0.7246191017357243,0.6638141876480513,0.6775982205918009,0.7528489945069746,0.6160237673103647,0.728074018710858,0.5423899946959269,0.5329189269402628,0.5539225463745446,0.612343186064594,0.5056782787867171,0.5695471766191593,-0.18222910703979744,-0.13089526070778856
mobilenet,magnitude,finetune,2024,0.7107888221320615,0.6528054873122393,0.658857837181045,0.7546950389706792,0.5846183334131966,0.7444911213628514,0.5414115319308275,0.5220696136787086,0.5105149393195686,0.6185903119756639,0.4345871867363074,0.6397000077317595,-0.16937729020123404,-0.13073587363353067
mobilenet,magnitude,finetune,7,0.7134370350938755,0.6580707568687585,0.6751465973233913,0.7416768005873849,0.6195696966792851,0.7098399525785418,0.5381942326587092,0.5228720451560069,0.5273736933797909,0.6104997794163988,0.4641717379845704,0.6018014999613412,-0.1752428024351662,-0.13519871171275155
mobilenet,magnitude,finetune,2025,0.7197764402626845,0.6617751323187522,0.6771622975673989,0.7480816932100053,0.6185250850543869,0.7199298987139506,0.542097654914629,0.5296267594409361,0.5512659853922746,0.6086065573770492,0.5037998945804782,0.5643540114945491,-0.17767878534805548,-0.1321483728778161
mobilenet,phase,finetune,42,0.6298302676195405,0.5574700324819866,0.4939379654944847,0.7175675675675676,0.3765776989793473,0.8007010128604933,0.5253436783889186,0.5063837271293289,0.5021121373055558,0.595560289843637,0.434012171162969,0.6036957810365712,-0.10448658923062193,-0.05108630535265768
mobilenet,phase,finetune,123,0.6296565056891255,0.5496655619493589,0.4578627338110456,0.7394426397674816,0.331592313958503,0.8428906471482693,0.5213786426904427,0.4959466218184416,0.4685053287975289,0.5926137696457894,0.3873784081652211,0.6419293317182547,-0.1082778629986828,-0.05371894013091727
mobilenet,phase,finetune,2024,0.6301893056358204,0.5550132730960115,0.4766115894810332,0.7321985421177032,0.3532895682591404,0.8262544779773717,0.5246726850507013,0.497567973091065,0.4683323446278396,0.5956329422903384,0.3858642004887632,0.6477668101337595,-0.10551662058511913,-0.057445300004946465
mobilenet,phase,finetune,7,0.6330245848920313,0.5651261081523741,0.5156879307600964,0.713632282437446,0.4037088504480329,0.7821705626143656,0.5272432212273819,0.5049272590369723,0.5021197097075519,0.5931623485165065,0.4353059562029805,0.5985412747094148,-0.10578136366464941,-0.06019884911540174
mobilenet,phase,finetune,2025,0.6206815446143981,0.545257684930227,0.4617166203670572,0.7188436917591767,0.3400737936652451,0.8211515167134867,0.5185446219893609,0.4957102892600592,0.4762959326948322,0.5888479613870189,0.3998658296995543,0.624584417927373,-0.10213692262503715,-0.04954739567016775
mobilenet,complex,finetune,42,0.6905692577114094,0.6167235513638587,0.5831779276048391,0.7748534760717293,0.4675259954957113,0.8173371820313909,0.5340126569373387,0.5221795357988865,0.5307091884655663,0.607571469181426,0.4711102592361876,0.5908481740161337,-0.15655660077407074,-0.09454401556497216
mobilenet,complex,finetune,123,0.6807235164708552,0.6163608083672718,0.5991754045456111,0.7474391484362688,0.4999952082035555,0.7728280198963944,0.5304434030506228,0.5224213644632778,0.5303687049387653,0.608148138967043,0.470228568690402,0.5926007061673668,-0.1502801134202324,-0.093939443903994
mobilenet,complex,finetune,2024,0.6872860491631398,0.6142448075538481,0.584000616409533,0.7653089756734085,0.4721452872681968,0.8053142960232984,0.5339679071578886,0.5175792950694433,0.5162445920251316,0.6074578469520103,0.4488475729551008,0.60999716502152,-0.1533181420052513,-0.0966655124844048
mobilenet,complex,finetune,7,0.6910131644063778,0.6229836161079875,0.6013308923953157,0.7639397519196692,0.4957975945181849,0.7940001546351898,0.53849983339489,0.5272139689030322,0.5363045376629257,0.612869445231554,0.4767454118549044,0.595074869204402,-0.15251333101148778,-0.09576964720495529
mobilenet,complex,finetune,2025,0.6862223104271512,0.6120078924082287,0.5729030540632108,0.7769062894836158,0.4537543725142556,0.82479832993995,0.531811408017177,0.5178705886879146,0.5188886207577387,0.6065754548835062,0.4533518616129187,0.6046235921754594,-0.15441090240997424,-0.09413730372031415
mobilenet,concat,finetune,42,0.8040980848338997,0.7141969914315708,0.7087773925997278,0.8526463296324243,0.6064497580142796,0.8590757970155408,0.6283478584974371,0.5885175353262214,0.5839880866385873,0.6948995649356661,0.5036082227226988,0.7026880750496122,-0.17575022633646253,-0.12567945610534936
mobilenet,concat,finetune,123,0.7998221109325169,0.7249308864669382,0.7301965519843879,0.8345347676610846,0.6490488284057693,0.8269632225973558,0.6310695376235299,0.5996251655701935,0.612975034931969,0.6877607954409977,0.5528583065791365,0.662508698229427,-0.16875257330898696,-0.12530572089674463
mobilenet,concat,finetune,2024,0.8143991692454318,0.724683561696538,0.7229905715154699,0.8546345927572232,0.6264890507451244,0.8567176103708667,0.6321006459312215,0.5967397099155248,0.6000697692165134,0.6957417495607771,0.527528870573578,0.6898018092317209,-0.18229852331421026,-0.1279438517810132
mobilenet,concat,finetune,7,0.798010128754364,0.7092834726596207,0.7077252910590849,0.8356952709051049,0.6137428722027888,0.8377490270869308,0.6307831512488763,0.5888253172627194,0.5836051339708125,0.6960475830113779,0.5024390243902439,0.7049818303651968,-0.16722697750548765,-0.1204581553969013
mobilenet,concat,finetune,2025,0.8079533694246998,0.7189016581751829,0.7139717355196269,0.8572100018800527,0.6117494848818822,0.8629803355583618,0.6258645401541569,0.5965198656751691,0.605354262982475,0.689366391184573,0.5395946140207964,0.67306254993428,-0.18208882927054282,-0.1223817925000138
mobilenet,frequency_3,finetune,42,0.706941082017968,0.6480458595085382,0.6563266445196988,0.7458224574927427,0.5860079543820979,0.7314631066209634,0.5365993565506922,0.5161997724612112,0.4889518479384137,0.6201675969426076,0.4035650965546983,0.6676503182907657,-0.17034172546727577,-0.13184608704732703
mobilenet,frequency_3,finetune,123,0.7087812943743417,0.6481942543707783,0.6520363565200374,0.7533255454648227,0.5747568163304423,0.7469395118682508,0.5441060217091016,0.5173484586170698,0.4762540928365668,0.6304993209740075,0.3826441132780679,0.6984742661271617,-0.16467527266524007,-0.13084579575370847
mobilenet,frequency_3,finetune,2024,0.7240890314371523,0.6581586945649007,0.6630879317909745,0.7625585567626831,0.5865733863625473,0.7544135460426278,0.5586151088445368,0.5364144503619186,0.5297174334842436,0.6332937835784085,0.4552589965978245,0.6455374861472643,-0.1654739225926155,-0.12174424420298213
mobilenet,frequency_3,finetune,7,0.7154545944906043,0.6500464420957751,0.6479606787232749,0.7657466938476818,0.5615793761081029,0.7690007989484807,0.5483496783698829,0.5183322615926615,0.4694072773506084,0.6373366214549938,0.371517561933969,0.715741862323136,-0.16710491612072143,-0.13171418050311356
mobilenet,frequency_3,finetune,2025,0.708468487542482,0.6504311695163977,0.6616015706054174,0.7436489331164482,0.5958598878719632,0.7238086647251359,0.5380940584133509,0.5257739891287023,0.5378220579570411,0.6096666464266197,0.4811251138051655,0.5858096440813381,-0.17037442912913114,-0.12465718038769535
mobilenet,concat_frequency,finetune,42,0.709031886334592,0.6406700852446042,0.6339546159488044,0.7623478401378865,0.5425751114092673,0.7725702945800366,0.607340785283,0.5712487702462805,0.5912882201311901,0.6521849681587555,0.5407925631319181,0.6122007164763795,-0.10169110105159207,-0.06942131499832371
mobilenet,concat_frequency,finetune,123,0.7101784787149485,0.6412581685875557,0.6381096005854827,0.7569949617858693,0.5514974363889023,0.7619520115460942,0.604315567569048,0.5671047063155754,0.5835897435897436,0.6508224750899122,0.5289472423211462,0.618411896600603,-0.10586291114590052,-0.07415346227198027
mobilenet,concat_frequency,finetune,2024,0.7079537465219509,0.6435555408992729,0.6466607825831127,0.7493087208494842,0.5687479035890556,0.7441431921857684,0.602354785544855,0.569127273326848,0.5940218742232165,0.6461767257404882,0.5496573865542191,0.595306821989124,-0.10559896097709587,-0.07442826757242493
mobilenet,concat_frequency,finetune,7,0.7092473492190472,0.6336735422952838,0.613978594264004,0.7758603024048947,0.50798792467296,0.8026726115306306,0.6028904534560051,0.562411031783981,0.5665726697660239,0.6558116674438241,0.498711006756433,0.648063194247571,-0.10635689576304208,-0.07126251051130283
mobilenet,concat_frequency,finetune,2025,0.7057059358783834,0.637608754197651,0.6328280747084832,0.7552669706113009,0.544549331544396,0.7627380737609856,0.5991033661034406,0.5671596673756644,0.5887476631609729,0.6468165180774041,0.5402462983372467,0.6033478518594881,-0.10660256977494276,-0.07044908682198658
vit,none,finetune,42,0.8211891546252594,0.735747223092439,0.7433625484397852,0.8389416994975964,0.6673343236379319,0.8277363985464292,0.6912831402891594,0.6325798171995142,0.6436760778837287,0.7251405101599654,0.5786669222291437,0.705072034225922,-0.12990601433610005,-0.10316740589292483
vit,none,finetune,123,0.8193912176679444,0.7397538843729218,0.7576156228404699,0.8131194374244588,0.7092050409698596,0.780830390969305,0.70606180564792,0.646572903098155,0.6747492526895589,0.7144295445782101,0.6392448128803488,0.6564263807633823,-0.11332941202002444,-0.09318098127476682
vit,none,finetune,2024,0.7984884227420459,0.7155325451917317,0.7241221243843677,0.8157733555910505,0.6509847141693421,0.8023246823535476,0.6835200863577034,0.622802244609694,0.6354509720599172,0.7128046237263898,0.5732426086539844,0.6894409937888198,-0.11496833638434245,-0.09273030058203768
vit,none,finetune,7,0.819603272042777,0.7395835050866462,0.7550178377539941,0.8197833043282996,0.6997364511955532,0.7931625473570268,0.6882140508574754,0.6392081210462387,0.6699514819377058,0.7046536224219989,0.6385068762278978,0.6401510270353857,-0.1313892211853016,-0.10037538404040747
vit,none,finetune,2025,0.8128914382312437,0.7229852649397902,0.7301328935673517,0.8272406304218585,0.6534285303560304,0.816512461019046,0.6932531186822587,0.6240718450977483,0.6341810402460222,0.7175117995885272,0.5681920552014951,0.6992087832787814,-0.11963831954898496,-0.09891341984204194
vit,magnitude,finetune,42,0.7396605424389401,0.6402908539299906,0.7392509960159362,0.6326139579284716,0.8891274138674589,0.3057008839978351,0.54524858840495,0.5562498969480123,0.6697075439665858,0.5842457638006595,0.784455412334084,0.249400788639468,-0.19441195403399003,-0.08404095698197833
vit,magnitude,finetune,123,0.7207601874526661,0.6358884730168676,0.7363570157949404,0.6296329063958949,0.8866452633092147,0.298716527924538,0.5369858525201685,0.5509791312854843,0.6561068830818966,0.5849965846738175,0.7468973118021947,0.2875441354604263,-0.18377433493249762,-0.08490934173138331
vit,magnitude,finetune,2024,0.7226826585696813,0.63289859134803,0.7338574394243068,0.6280571810505927,0.8825243183669558,0.2972474936212984,0.5326092047674246,0.5461700385277031,0.6540648107417415,0.5810271678451805,0.7481048445062054,0.2746449833767171,-0.1900734538022567,-0.08672855282032688
vit,magnitude,finetune,7,0.7156953958157055,0.6423793742133699,0.7356957747394247,0.6384543256181217,0.8678805884326034,0.3391665163268988,0.5378169749235292,0.5517266017026936,0.6514801900659761,0.5878438297642641,0.7305668695193828,0.3112548645653462,-0.17787842089217631,-0.09065277251067627
vit,magnitude,finetune,2025,0.7213915171623232,0.6258086145965583,0.7340206507768459,0.6195771173809241,0.9003210503617807,0.2566944150923945,0.5209222084876437,0.5431746607528566,0.6537500208288204,0.5782089354270598,0.7519957832191289,0.2623901445839025,-0.2004693086746795,-0.08263395384370176
vit,phase,finetune,42,0.6066743706476273,0.5752994003748344,0.7276559300469103,0.5754565522777443,0.989314293928794,0.018607767841035,0.4971192015797395,0.573166911243384,0.7273397536048197,0.5739242694562339,0.9926973022186018,0.0090590448699775,-0.10955516906788781,-0.0021324891314503658
vit,phase,finetune,123,0.6041258673982389,0.5735406464519888,0.7288787636315354,0.5735559368263605,0.9995687383199962,0.0006958583541661,0.4987462371612912,0.5734527087558465,0.7288834858186874,0.5734860811821101,0.9997987445493316,0.0001804077214504,-0.10537963023694774,-8.793769614223734e-05
vit,phase,finetune,2024,0.5954319225048069,0.5738814050245401,0.7284539974852636,0.5740015013357472,0.9966265753030812,0.005450890440968,0.4910944212380856,0.5731943917734286,0.7282189479578624,0.5735700305978995,0.997048253390196,0.0032731115177443,-0.10433750126672131,-0.0006870132511115346
vit,phase,finetune,7,0.6060873087097008,0.5734911814979088,0.7289391875371127,0.5734919893374372,0.9999904164071112,1.2886265817891292e-05,0.4978779562604459,0.5734966776039176,0.7289436272883185,0.573494333483561,1.0,1.2886265817891292e-05,-0.10820935244925495,5.496106008862078e-06
vit,phase,finetune,2025,0.5976451152255261,0.5735516386640066,0.7289501538805496,0.5735339387409574,0.9999041640711104,0.0002706115821757,0.4928991102553682,0.5734856853918998,0.728929066692748,0.5734920687267091,0.9999520820355552,5.154506327156517e-05,-0.1047460049701579,-6.595327210678903e-05
vit,complex,finetune,42,0.5623235006874797,0.5734911814979088,0.7289410811339472,0.5734911814979088,1.0,0.0,0.5489903373309226,0.5734911814979088,0.7289410811339472,0.5734911814979088,1.0,0.0,-0.013333163356557098,0.0
vit,complex,finetune,123,0.5841372789032103,0.5734911814979088,0.7289410811339472,0.5734911814979088,1.0,0.0,0.5590463592863385,0.5734911814979088,0.7289410811339472,0.5734911814979088,1.0,0.0,-0.02509091961687182,0.0
vit,complex,finetune,2024,0.5711321979354783,0.5734911814979088,0.7289410811339472,0.5734911814979088,1.0,0.0,0.5608723174654149,0.5734911814979088,0.7289410811339472,0.5734911814979088,1.0,0.0,-0.010259880470063432,0.0
vit,complex,finetune,7,0.5635862366130151,0.5734966776039176,0.7289436272883185,0.573494333483561,1.0,1.2886265817891292e-05,0.5485501960511134,0.5734911814979088,0.7289410811339472,0.5734911814979088,1.0,0.0,-0.015036040561901665,-5.496106008862078e-06
vit,complex,finetune,2025,0.5692282236640155,0.5734911814979088,0.7289410811339472,0.5734911814979088,1.0,0.0,0.5530656523325692,0.5734911814979088,0.7289410811339472,0.5734911814979088,1.0,0.0,-0.016162571331446274,0.0
vit,concat,finetune,42,0.8267900364704232,0.7572699742232628,0.7703547323647785,0.8420579977037366,0.7099046432507548,0.8209582227262184,0.7163075133867765,0.6622642857535436,0.6962251838962271,0.7189794063894306,0.6748670276486655,0.6453184196283601,-0.1104825230836467,-0.09500568846971924
vit,concat,finetune,123,0.8271235708691868,0.7502294624258713,0.7644567915951839,0.8324227921256998,0.7067516411902822,0.8086904976675859,0.7154642804005303,0.6572463409674246,0.6900339475031437,0.7167416983314059,0.6652451003881356,0.6464910698177883,-0.11165929046865641,-0.09298312145844667
vit,concat,finetune,2024,0.8317516506069075,0.7632497375609381,0.784054222061802,0.8220243664000169,0.7494369639177728,0.7818226334372825,0.7165547163498867,0.668035197062881,0.7108470649062167,0.7101806946556853,0.7115146868561023,0.6095719182495296,-0.11519693425702082,-0.09521454049805711
vit,concat,finetune,7,0.8232635296785089,0.7593969672487043,0.7786256453823243,0.8242190009207118,0.7378120657434473,0.7884204015360429,0.7093372034605427,0.6583675465932387,0.6933070186258788,0.7145123563510627,0.6733240691935407,0.6382567459601557,-0.11392632621796617,-0.10102942065546561
vit,concat,finetune,2025,0.8233808867025121,0.754340549720523,0.773181908140119,0.8216704775874715,0.730097273467823,0.7869384809669854,0.7037436881333043,0.6544213424788538,0.6951196450650956,0.7034939640789086,0.6869423546887728,0.6106930233756862,-0.11963719856920774,-0.09991920724166925
vit,frequency_3,finetune,42,0.7258789902590093,0.6355696988683518,0.7407523253586272,0.625602620491078,0.9078537543725144,0.2694518182521069,0.5292175239818199,0.5553375433505362,0.6709961815143,0.5827894097369388,0.7906655805261392,0.2389113682637045,-0.1966614662771894,-0.0802321555178156
vit,frequency_3,finetune,123,0.7325022732134878,0.6332118693905368,0.7423658670290386,0.6215632656491412,0.9214528726819684,0.2456379990206438,0.5343198240442367,0.5649942016081606,0.7024824454568692,0.5779209935491053,0.8954909195457377,0.1206025617896446,-0.1981824491692511,-0.06821766778237615
vit,frequency_3,finetune,2024,0.7144439124178068,0.6208456308705282,0.7340062926061878,0.6140561394001561,0.9121951219512195,0.2290920337104713,0.5196773111701137,0.5451202822800046,0.6502890173410405,0.5815491350448537,0.7374574728065552,0.286500347929177,-0.19476660124769307,-0.0757253485905236
vit,frequency_3,finetune,7,0.7281571817762714,0.6419231974146318,0.7414016885039633,0.6327764001246663,0.8950500742728449,0.301564392670292,0.5352375411165213,0.5621087459534919,0.6948972753556589,0.5786784871484151,0.8695289664095069,0.1487461663359191,-0.1929196406597501,-0.07981445146113986
vit,frequency_3,finetune,2025,0.7191327862590587,0.6236596371470813,0.7365655104490474,0.615279304294171,0.9174085964828214,0.2286796732042988,0.5221075201788493,0.5531116204169346,0.673448569454931,0.5796226780319528,0.8035171785902535,0.2164119481456663,-0.19702526608020943,-0.07054801673014666
vit,concat_frequency,finetune,42,0.7950646426875603,0.7173407640686573,0.7700294679228915,0.7217993427670847,0.8251665149264459,0.5723563825674596,0.6740430302036349,0.6476501398758979,0.73583451799658,0.6454243169003904,0.8556998418707173,0.3679028891007964,-0.1210216124839254,-0.0696906241927594
vit,concat_frequency,finetune,123,0.7955626415040146,0.712031525664067,0.7666573142544123,0.7161053612433026,0.8248885907326656,0.5602819514960955,0.6762558531751581,0.6402743656119639,0.7342663304953655,0.6369912227560264,0.8666059705783699,0.3359449498724259,-0.11930678832885644,-0.07175716005210309
vit,concat_frequency,finetune,2024,0.7901166779649088,0.7244911979862267,0.7732400864915725,0.7322583685324332,0.8190809334419474,0.5973041931908971,0.6677839562585762,0.6442590424684111,0.7339925367000378,0.6425359226933566,0.855805261392496,0.3598103141671606,-0.12233272170633258,-0.0802321555178156
vit,concat_frequency,finetune,7,0.7972643606805648,0.7173187796446218,0.7667892429140802,0.7276803387321641,0.810340696727203,0.5922398907244658,0.6856811310423889,0.6477435736780491,0.7323567240716923,0.6489494756629145,0.8403660932483588,0.3887399809283265,-0.11158322963817591,-0.06957520596657263
vit,concat_frequency,finetune,2025,0.7794481215134768,0.7118721385898091,0.7580132939438701,0.7311812636359588,0.7868896449278835,0.6110022937553156,0.6743049842948659,0.6416593843262048,0.7263179545731209,0.6461937199366616,0.8291245387895922,0.3895904744723074,-0.1051431372186109,-0.0702127542636043
clip,none,finetune,42,0.9172284706426468,0.8334789801425689,0.8420663052543786,0.9231498942796732,0.7740763812353251,0.913352748640499,0.7370480631928891,0.6840783305028387,0.722148909738637,0.7285335309952015,0.7158752216205856,0.6413236772248138,-0.18018040744975772,-0.1494006496397302
clip,none,finetune,123,0.9209947780656956,0.8310936701347096,0.8365979710329867,0.9395803227000752,0.7539604197613685,0.934808381227288,0.7437955708860219,0.676741028980967,0.7070916334661355,0.7360116116323674,0.6803584263740476,0.6718770134790341,-0.17719920717967375,-0.1543526411537426
clip,none,finetune,2024,0.9136920662056708,0.8301703243252155,0.8382402211240473,0.9236608636463272,0.7672816138770425,0.9147315790830132,0.744733861030807,0.6772356785217674,0.7078453808268246,0.7359644131795375,0.6817959653073937,0.6711038375299606,-0.16895820517486382,-0.15293464580344818
clip,none,finetune,7,0.924122685221065,0.8400688112472313,0.8471442304156664,0.9373546917139404,0.7727730126024247,0.930555913507384,0.7558876327204025,0.685446860899053,0.724824986537426,0.7272937793687705,0.72237289759931,0.6357954691889385,-0.1682350525006625,-0.15462195034817827
clip,none,finetune,2025,0.9212913712594636,0.8473676400270408,0.8597714614650501,0.908630037568306,0.815899180602808,0.8896806783330327,0.7628737024342622,0.6837210836122607,0.7398792196286185,0.7001959224181447,0.7843308256265273,0.5484394732094534,-0.15841766882520136,-0.1636465564147801
clip,magnitude,finetune,42,0.7311120922486849,0.6751141816023347,0.7324788877725582,0.6939382765806015,0.7755522545402271,0.540063400427824,0.5304586234663002,0.5490719825003985,0.6336508106611655,0.5932211892181125,0.6799942498442666,0.3730316228963171,-0.20065346878238466,-0.12604219910193626
clip,magnitude,finetune,123,0.7342346193927064,0.6696840288655488,0.7307347670250897,0.6861301585966093,0.781542000095836,0.5192778536635654,0.5360533109627084,0.5463129372839344,0.6326689539473391,0.5905413039144015,0.6812688676985001,0.3648488441019561,-0.19818130842999804,-0.12337109158161441
clip,magnitude,finetune,2024,0.7338582014970079,0.6712009541240032,0.7261457894640471,0.6950844382903766,0.7601130863960899,0.5516481533981082,0.5310511848986564,0.5448894458276311,0.6281924638097632,0.5909839735737157,0.6704010733624035,0.376124326692611,-0.20280701659835143,-0.12631150829637205
clip,magnitude,finetune,7,0.7343265559742382,0.6762573716521845,0.728643030883762,0.7015533102096215,0.7579088600316258,0.5664673590886833,0.5257400197025935,0.536650782920301,0.6049493212372834,0.5918777164444607,0.6186113373903877,0.4264451947114765,-0.2085865362716447,-0.13960658873188347
clip,magnitude,finetune,2025,0.7343162878389999,0.6735203108597558,0.7315503574688853,0.6921741510095525,0.7756768412477838,0.536158861885003,0.5267216977666886,0.5432186296009277,0.6241713319284791,0.5909087017201373,0.6614020796396569,0.384307105486972,-0.2075945900723113,-0.13030168125882813
clip,phase,finetune,42,0.624890523456419,0.5787894276904813,0.5740724273614477,0.68327887070528,0.4949638219368441,0.6915027963196825,0.4997556127622302,0.5255981137364177,0.6155874231762715,0.5749989600232954,0.6623412717427763,0.3417308832246591,-0.12513491069418886,-0.05319131395406351
clip,phase,finetune,123,0.6293908552791532,0.5945852363600389,0.6483946003660769,0.6450064961544663,0.6518184867506829,0.5176284116388753,0.4975627146288957,0.5460601164075253,0.664347515107674,0.5767417902654493,0.783334131966074,0.2270173449137908,-0.1318281406502575,-0.04852511995251363
clip,phase,finetune,2024,0.6123177211024767,0.5789817914007925,0.6104621893608474,0.650271921651897,0.57524557956778,0.5840055668668334,0.4997207211706381,0.5341225741562103,0.640059109033236,0.5746462120287911,0.7222770616704203,0.2811267750831164,-0.11259699993183864,-0.044859217244582195
clip,phase,finetune,7,0.6402057760359543,0.6034229748223384,0.6349415145505323,0.6724823439894546,0.6013704537831233,0.6061828303394242,0.5026145174977564,0.539876997147521,0.6418879611251797,0.5796833834243729,0.719047390866836,0.2989613669750779,-0.13759125853819787,-0.0635459776748174
clip,phase,finetune,2025,0.6257979880158012,0.5837579075225203,0.5915322798123078,0.6764694997841239,0.5255450668455603,0.6620319063941651,0.4971178239737669,0.5334630414351432,0.6365399684003649,0.5753084317580224,0.7123580430303321,0.2929177083064869,-0.1286801640420343,-0.0502948660873771
clip,complex,finetune,42,0.5908209566963066,0.5734911814979088,0.7289354002640716,0.5734936050697753,0.9999712492213332,3.865879745367388e-05,0.5616519126507808,0.5734966776039176,0.7289417337026571,0.5734951413621774,0.9999904164071112,2.5772531635782584e-05,-0.029169044045525783,5.496106008862078e-06
clip,complex,finetune,123,0.5,0.5734911814979088,0.7289410811339472,0.5734911814979088,1.0,0.0,0.5,0.5734911814979088,0.7289410811339472,0.5734911814979088,1.0,0.0,0.0,0.0
clip,complex,finetune,2024,0.5,0.5734911814979088,0.7289410811339472,0.5734911814979088,1.0,0.0,0.5,0.5734911814979088,0.7289410811339472,0.5734911814979088,1.0,0.0,0.0,0.0
clip,complex,finetune,7,0.5308774968810315,0.5734966776039176,0.7289284778621954,0.5735007970098389,0.9999233312568884,0.000115976392361,0.5198250314695282,0.5734856853918998,0.7289309604065879,0.573491260855227,0.999961665628444,3.865879745367388e-05,-0.011052465411503287,-1.0992212017835179e-05
clip,complex,finetune,2025,0.5137490128304688,0.5734911814979088,0.7289410811339472,0.5734911814979088,1.0,0.0,0.5171351498480677,0.5734911814979088,0.7289410811339472,0.5734911814979088,1.0,0.0,0.0033861370175989336,0.0
clip,concat,finetune,42,0.8905050429955765,0.8123849252804388,0.8246828616917466,0.8884745200022133,0.7694379222770616,0.8701322130872916,0.7280558677796337,0.6763782859843801,0.7145751735370536,0.7229649537522927,0.7063778810676122,0.6360403082394783,-0.16244917521594282,-0.13600663929605872
clip,concat,finetune,123,0.8973156447952555,0.820112450328942,0.8295205950371898,0.9085608662414568,0.7631319181561167,0.8967294657354192,0.735960787339492,0.6866340197969738,0.7303978589194352,0.7208807414805343,0.7401696295941348,0.6146491069817788,-0.1613548574557635,-0.13347843053196817
clip,concat,finetune,2024,0.8884822147345527,0.8039868752988507,0.8096742518037826,0.9135466467563436,0.7270113565575734,0.9074894976933584,0.7382572208050651,0.6823855298520998,0.712382355429692,0.7410279773861542,0.6858689922852077,0.677701605628721,-0.15022499392948763,-0.12160134544675094
clip,concat,finetune,7,0.897044919904834,0.8211237338345782,0.8323010810309469,0.9000880428846861,0.7740092960851023,0.8844746269426046,0.7156775899960806,0.6757902026414285,0.7270809332796646,0.702851622598304,0.7530403948440271,0.5719182495296513,-0.18136732990875348,-0.14533353119314962
clip,concat,finetune,2025,0.8969648681541734,0.8179250001374027,0.8267508995063174,0.9099008875228788,0.7575255163160669,0.8991391974433649,0.7118027067836921,0.6678977944126586,0.7165713696040676,0.7017492282816404,0.7320331592313959,0.5816602664879771,-0.18516216137048136,-0.15002720572474404
clip,frequency_3,finetune,42,0.7366413340139009,0.6742403007469208,0.7285641666781156,0.6976652399663206,0.7623268963534429,0.5557975309914693,0.5416101427608685,0.5414049146179931,0.6098199672667758,0.5954522624537693,0.6248981743255546,0.4291384242674158,-0.19503119125303237,-0.13283538612892765
clip,frequency_3,finetune,123,0.7363540653786403,0.6741633552627964,0.7406594079589149,0.6813221304746728,0.8113182232018784,0.4897425324089585,0.5317662607635161,0.5311381885933816,0.5918785222890932,0.5909286307925985,0.5928314725190474,0.4481843251462591,-0.20458780461512427,-0.14302516666941478
clip,frequency_3,finetune,2024,0.7220700765274258,0.6678208489285341,0.7172219544946264,0.7006892895015907,0.7345536441611961,0.5780907708564212,0.5380785640819364,0.5238283676015543,0.5436262115465655,0.6035557634949412,0.4945229766639513,0.5632329063683925,-0.1839915124454894,-0.14399248132697984
clip,frequency_3,finetune,7,0.7299878106632528,0.6673591760237871,0.7281539007442608,0.6852280796672641,0.7768172888015717,0.5201798922708177,0.5274466366357786,0.5287693669035488,0.5715642036567876,0.5971328934179753,0.5480952609133164,0.5027834334166645,-0.20254117402747418,-0.13858980912023833
clip,frequency_3,finetune,2025,0.7330207174068285,0.6730916145910623,0.7284315874059464,0.6956112278621195,0.76450237193924,0.5501791190948687,0.5251597896035193,0.5294563801546605,0.5931241623815453,0.588292968050305,0.5980353634577603,0.4372438854668694,-0.20786092780330923,-0.1436352344364018
clip,concat_frequency,finetune,42,0.7785857402982,0.7053152841212001,0.7240745791670312,0.7819099275330103,0.6742057597393263,0.7471456921213371,0.6448930210788941,0.6234617773307611,0.6834747093936537,0.6598363946154738,0.7088696152187455,0.5086209118321693,-0.13369271921930592,-0.08185350679043901
clip,concat_frequency,finetune,123,0.768301098178947,0.6953178672910243,0.7183588034465941,0.7644101333160336,0.6775408500646892,0.7192211540939667,0.651034276060448,0.6221537041006447,0.6823369590329824,0.6588116673953583,0.707604580957401,0.5072549676554728,-0.11726682211849904,-0.07316416319037955
clip,concat_frequency,finetune,2024,0.7764862573109428,0.7037598861206835,0.723493320747748,0.7784339916323534,0.675796636158896,0.7413597587691039,0.657367970123188,0.6270727189786036,0.6836734218169442,0.6656348154469035,0.7027169485840241,0.5253601711296101,-0.11911828718775475,-0.0766871671420799
clip,concat_frequency,finetune,7,0.786630661118145,0.7114269540030889,0.7341747798923637,0.7781951659296784,0.6948679860079544,0.7336924306074586,0.6437754560481211,0.6303923670079749,0.6905402855814938,0.6641909955207762,0.7190665580526139,0.5111595061982939,-0.1428552050700238,-0.08103458699511401
clip,concat_frequency,finetune,2025,0.7842734379331745,0.7125206790988584,0.7347754216232113,0.7801742239067935,0.6943696391777278,0.7369268833277492,0.6551986767834674,0.6296064238487032,0.6861400894187779,0.6673975084937712,0.7059657865733864,0.5269322955593928,-0.12907476114970706,-0.08291425525015517
dino,none,finetune,42,0.9275553366010756,0.8799925252958279,0.88753599002838,0.9593791060730908,0.8257031961282285,0.9529909022963324,0.7037465012034652,0.6648859283197854,0.6950175817689811,0.7268932181045847,0.665820115961474,0.6636298033555836,-0.22380883539761043,-0.2151065969760425
dino,none,finetune,123,0.935705358753486,0.8660928731993383,0.8736844288217667,0.951681218021844,0.8075039532320667,0.944872554831061,0.728556944566725,0.6590270793143058,0.6667024825800352,0.7586194248826291,0.5946523551679525,0.7455864539573722,-0.207148414186761,-0.20706579388503243
dino,none,finetune,2024,0.9343913798994178,0.8858019093472275,0.8963794135248354,0.9344528203795164,0.8612870765249893,0.9187649802840132,0.7171842975311564,0.6793132065931288,0.7196263478578431,0.7216445168316259,0.7176194355263789,0.6278059843818459,-0.21720708236826136,-0.2064887027540987
dino,none,finetune,7,0.9448410704523762,0.8811247231336597,0.8907212327901983,0.9419534088480443,0.8447745459772869,0.9300018040772146,0.7220221024954677,0.6774170500200608,0.7203750375180444,0.7162495026242492,0.7245483731851071,0.6140434524883379,-0.22281896795690848,-0.20370767311359894
dino,none,finetune,2025,0.9365058103128407,0.8685496325853133,0.8761412539681718,0.9530950717714132,0.810685706071206,0.9463544754001184,0.7021971412338278,0.659428295052955,0.6877626500317447,0.7251495542592415,0.6540418803009248,0.666670962088606,-0.23430866907901293,-0.2091213375323583
dino,magnitude,finetune,42,0.7624774648578367,0.6860184559239778,0.7500021880497475,0.6901319975195097,0.8212468254348555,0.5041880363908147,0.5357322324436743,0.5508252403172352,0.6549257714198855,0.5853605150538527,0.7432555465043845,0.292080101028324,-0.22674523241416245,-0.13519321560674258
dino,magnitude,finetune,123,0.7659280736497027,0.6788515336883818,0.7460118752662372,0.6826103903335375,0.8223968565815324,0.4858379938661374,0.5381973980032795,0.5449553990997378,0.6402919581179128,0.5856387840254321,0.7061957928027217,0.3281487590526017,-0.22773067564642324,-0.13389613458864402
dino,magnitude,finetune,2024,0.7579602854883188,0.6624071845097749,0.7452744901259859,0.6568830276403033,0.8611529062245435,0.3951702275714543,0.5366372751705218,0.5422018499892826,0.6453947508461227,0.5806204519341248,0.726436340984235,0.2944769464704518,-0.221323010317797,-0.12020533452049231
dino,magnitude,finetune,7,0.761236827498103,0.683913447322572,0.7486352411547456,0.6881639212535154,0.8207580621975179,0.4999097961392748,0.5413382079730279,0.5468075868247346,0.632902826564093,0.5909922343981243,0.6812113661411663,0.3660859256204737,-0.21989861952507506,-0.13710586049783735
dino,magnitude,finetune,2025,0.759289186451724,0.677713839744541,0.7411573078841545,0.687016154110542,0.8045617902151516,0.5071518775289297,0.5304532923596557,0.5452302044001824,0.6503705706873093,0.5816259437562823,0.737543725142556,0.2866420968531739,-0.2288358940920684,-0.13248363534435859
dino,phase,finetune,42,0.7126193533331332,0.6566747459424997,0.7234909013646846,0.6722410502763885,0.7831999616656284,0.4865467384861215,0.5405219598857713,0.5596190099314635,0.6648877884752115,0.5898617511520737,0.7617806315587714,0.2877889745109662,-0.17209739344736186,-0.09705573601103623
dino,phase,finetune,123,0.7056992495804221,0.6477380775720402,0.7277145491080722,0.6535820029913617,0.8208155637548517,0.4150150769310069,0.5182910362832405,0.5594980955992679,0.6872614894762719,0.5796304950208315,0.8439791077675021,0.176979974742919,-0.1874082132971816,-0.08823998197277227
dino,phase,finetune,2024,0.7054521387458689,0.6461057340873991,0.7174786759802029,0.6616734241342753,0.7835641381954095,0.4612767712172366,0.5315532483628357,0.5570688167433373,0.676147688548833,0.5821955253524148,0.8062580861565001,0.2220045875106311,-0.1738988903830332,-0.08903691734406183
dino,phase,finetune,7,0.7177813838217849,0.6519096220327898,0.7273118686977413,0.6603081782148804,0.8094494225885285,0.4400788639468055,0.5393411361273173,0.5646094741875382,0.68851788649214,0.5837672771884439,0.8390818918012363,0.1955490837865003,-0.17844024769446765,-0.08730014784525164
dino,phase,finetune,2025,0.7223233132935485,0.6571034422111933,0.7371777859222094,0.6576866412098981,0.8385260434136758,0.4131594546532305,0.5365313280089836,0.5669947841953975,0.694682994884514,0.5831549497381177,0.8589582634529686,0.1744156078451586,-0.18579198528456486,-0.09010865801579582
dino,complex,finetune,42,0.5,0.5734911814979088,0.7289410811339472,0.5734911814979088,1.0,0.0,0.5,0.5734911814979088,0.7289410811339472,0.5734911814979088,1.0,0.0,0.0,0.0
dino,complex,finetune,123,0.5,0.5734911814979088,0.7289410811339472,0.5734911814979088,1.0,0.0,0.4999405842434215,0.5729305786850016,0.727993839045052,0.5734620157176341,0.9965307393741912,0.0033504291126517,-5.9415756578473644e-05,-0.0005606028129071516
dino,complex,finetune,2024,0.5001150031146677,0.5734911814979088,0.7289410811339472,0.5734911814979088,1.0,0.0,0.5,0.5734911814979088,0.7289410811339472,0.5734911814979088,1.0,0.0,-0.00011500311466772217,0.0
dino,complex,finetune,7,0.4971495744878952,0.5734911814979088,0.7289410811339472,0.5734911814979088,1.0,0.0,0.4884405435432232,0.5734911814979088,0.7289410811339472,0.5734911814979088,1.0,0.0,-0.008709030944672014,0.0
dino,complex,finetune,2025,0.5,0.5734911814979088,0.7289410811339472,0.5734911814979088,1.0,0.0,0.5,0.5734911814979088,0.7289410811339472,0.5734911814979088,1.0,0.0,0.0,0.0
dino,concat,finetune,42,0.9170165167324004,0.8580850467443816,0.8658907119151125,0.9451877721335268,0.798869136039101,0.9377077910363136,0.6716484077025654,0.6244675647303886,0.6576443413385176,0.6891026314131508,0.6289328669318127,0.6184634416638747,-0.24536810902983497,-0.23361748201399302
dino,concat,finetune,123,0.9131543811607552,0.8281367651019252,0.8359115906133244,0.923755842408638,0.7633235900138962,0.9152856885131828,0.6901456139269154,0.6374163904873397,0.6654088624479507,0.7067030078427993,0.6286741099238105,0.6491714131079096,-0.22300876723383978,-0.19072037461458557
dino,concat,finetune,2024,0.906672252555289,0.8491483783739221,0.855888730789627,0.9464999070977332,0.7811107384158321,0.9406329733769748,0.6739142347276746,0.6389498040638207,0.6730016824793175,0.7001729691659158,0.6478604628875365,0.6269683771036829,-0.2327580178276144,-0.21019857431010136
dino,concat,finetune,7,0.9245022372784104,0.8638614541597278,0.8733005288948451,0.936472240200972,0.818112990560161,0.9253756346485916,0.6862058024963626,0.6383342401908249,0.6810709162110814,0.6889579635821657,0.6733624035650966,0.5912347619906704,-0.23829643478204776,-0.22552721396890296
dino,concat,finetune,2025,0.921660833757836,0.8565626253799183,0.8675013200113724,0.9223950854539368,0.8187742584695002,0.9073735213009974,0.6948828612502841,0.6526955651920614,0.691243654202274,0.7051177256324886,0.6779050265944703,0.6187984845751399,-0.22677797250755194,-0.20386706018785694
dino,frequency_3,finetune,42,0.7491521629940805,0.6637042655278735,0.7405881155881155,0.6640613714294403,0.8370501701087738,0.4306203448364732,0.534888111145482,0.5429768009365364,0.6209763434978804,0.5920987439697509,0.6528151804111362,0.3952862039638153,-0.21426405184859854,-0.1207274645913371
dino,frequency_3,finetune,123,0.7778421930042664,0.6880300307232325,0.7615763298497933,0.6779109678673716,0.8688006133499449,0.4449627586917863,0.5472249751048817,0.5491104552424607,0.6432572054756397,0.5887883202381805,0.7088312808471896,0.3343470529110074,-0.23061721789938472,-0.13891957548077183
dino,frequency_3,finetune,2024,0.7618669121755224,0.6798353366639736,0.7448792344581426,0.6858698282119525,0.8149983228712444,0.4980928326589521,0.5302364708259752,0.5456424123508494,0.6423809832803409,0.5854597066708721,0.7115626048205472,0.322543233421819,-0.23163044134954713,-0.13419292431312413
dino,frequency_3,finetune,7,0.744875926970898,0.6916739490071284,0.7219173668426401,0.7476948351986857,0.6978580669893143,0.6833586763227751,0.535128620339079,0.5296432477589628,0.5965871594230225,0.5870402152233406,0.6064497580142796,0.4263678771165691,-0.20974730663181895,-0.16203070124816565
dino,frequency_3,finetune,2025,0.7818658088804764,0.6871121810197475,0.7589337511380237,0.6798649571352705,0.8588145095596339,0.4562382412824411,0.537977170429911,0.54156979779826,0.6435439619142044,0.5807347303957486,0.7215870429824142,0.2995154764052473,-0.2438886384505654,-0.1455423832214875
dino,concat_frequency,finetune,42,0.8544063490239582,0.7867510868549633,0.8026449643947101,0.8552381984716275,0.7561454789400546,0.8279039200020618,0.676880988597808,0.6668425420589512,0.7386939222422912,0.6713050018804062,0.8211222387272988,0.4593953764078245,-0.1775253604261502,-0.1199085447960121
dino,concat_frequency,finetune,123,0.8614699523284979,0.7787487565060155,0.7907257226034519,0.8640799863659604,0.7288514063922564,0.8458416020205665,0.6796681019081493,0.6508543696790824,0.7031190122349027,0.6861620132624301,0.7209353586659639,0.5566222520038143,-0.18180185042034858,-0.1278943868269331
dino,concat_frequency,finetune,2024,0.85050564628943,0.7627331035961021,0.774757382865491,0.8503120884155071,0.7115338540418803,0.8315765057601608,0.6724971031959719,0.6492220261944412,0.7140508160951984,0.6704725204455962,0.7636877665436772,0.4953093992422875,-0.17800854309345815,-0.11351107740166089
dino,concat_frequency,finetune,7,0.8640305024982097,0.7907632442414549,0.814994800221598,0.8266934823972475,0.8036225981120322,0.773472333187289,0.6821083486689818,0.6759550858216953,0.7373401226895473,0.6889131231061236,0.7930902295270497,0.5184531326512203,-0.18192215382922783,-0.11480815841975966
dino,concat_frequency,finetune,2025,0.8712767575831982,0.7933629023836611,0.807557059278179,0.8666586100063721,0.75600172504672,0.8435993917682534,0.6988680589006616,0.6715801854386168,0.7441129491566069,0.6725939803059392,0.8326513009727347,0.4550011597639236,-0.1724086986825366,-0.12178271694504439
