run,reference,reference_prediction_sha256,pearson,reference_auc,fixed_mean_auc,fixed_mean_auc_delta,n,repaired_by_other,regressed_by_other,both_wrong,both_correct,reference_threshold,other_threshold,other_correct_given_reference_wrong,oracle_accuracy_upper_bound_not_deployable
ae-cae,clip-none-retry,5708a33496cdd3455df8764f0993ffeb82af18369c4ab8bfea25ebfef23f575a,-0.024456725036197578,0.9819074589295177,0.9504504504504504,-0.031457008479067294,1000,29,533,38,400,0.9416541457176208,0.24163079261779785,0.43283582089552236,0.962
ae-cae,clip-srm,572c347c104a9f6cb91e68a27f0939a82558feae78e6a4cf83a68fd7a5b718d1,-0.0005889447582042305,0.9839982445680976,0.9691060545839957,-0.014892189984101911,1000,16,523,48,413,0.8351477384567261,0.24163079261779785,0.25,0.952
ae-cae,dino-none,a2bfd13538b3f7948a3cb4d85c1ec5178f6afa9aa605ffc3b67f7a5ff6a2ddb6,-0.012411715224599102,0.992765053656598,0.9793074324324325,-0.013457621224165495,1000,7,559,12,422,0.0145035805180668,0.24163079261779785,0.3684210526315789,0.988
ae-cae,dino-srm,ffe0c880219f7821a6d96566efa74c606108c3a9290c5b050854b05cbe1a39b1,0.017009424898241046,0.9940133147853736,0.9879355458399577,-0.006077768945415896,1000,12,553,18,417,0.1919327825307846,0.24163079261779785,0.4,0.982
ae-cae,mobilenet-none,b5819be05a26e19a12e15165207a34699ea0872ee83ef7f254f03e13ba67c710,0.016104297999162704,0.9570540209326974,0.9252368177000531,-0.031817203232644364,1000,23,488,83,406,0.7833262085914612,0.24163079261779785,0.2169811320754717,0.917
ae-cae,mobilenet-srm,cafc629bb512c4d17e95938d505f5074e423951159c65a6e648bdd03b63334d1,0.009094701943031266,0.9456933956014837,0.9382245296767356,-0.007468865924748047,1000,33,479,92,396,0.6236061453819275,0.24163079261779785,0.264,0.908
ae-cae,resnet-none,49fea1a4ac3848bcef5d97aa1b589f27099fbd230babae252794e46e1c803470,0.0016855133953509677,0.9826733903020667,0.9533237281399046,-0.02934966216216206,1000,25,532,39,404,0.6601723432540894,0.24163079261779785,0.390625,0.961
ae-cae,resnet-srm,b911b7965c081bf36afe5b9bfe2fd5d0c6a8d489baff4873447ddcc88758b016,0.027557318961452124,0.9693544647588765,0.9547065447800742,-0.014647919978802326,1000,19,504,67,410,0.8227594494819641,0.24163079261779785,0.22093023255813954,0.933
ae-gated,clip-none-retry,5708a33496cdd3455df8764f0993ffeb82af18369c4ab8bfea25ebfef23f575a,0.023959020500344597,0.9819074589295177,0.9509679716481187,-0.030939487281398947,1000,34,471,33,462,0.9416541457176208,0.12488284707069397,0.5074626865671642,0.967
ae-gated,clip-srm,572c347c104a9f6cb91e68a27f0939a82558feae78e6a4cf83a68fd7a5b718d1,0.0340984323119282,0.9839982445680976,0.9722732843137255,-0.011724960254372085,1000,26,466,38,470,0.8351477384567261,0.12488284707069397,0.40625,0.962
ae-gated,dino-none,a2bfd13538b3f7948a3cb4d85c1ec5178f6afa9aa605ffc3b67f7a5ff6a2ddb6,0.018688988260437894,0.992765053656598,0.9826858108108107,-0.010079242845787206,1000,11,496,8,485,0.0145035805180668,0.12488284707069397,0.5789473684210527,0.992
ae-gated,dino-srm,ffe0c880219f7821a6d96566efa74c606108c3a9290c5b050854b05cbe1a39b1,0.045826459243508144,0.9940133147853736,0.989161036036036,-0.00485227874933758,1000,10,484,20,486,0.1919327825307846,0.12488284707069397,0.3333333333333333,0.98
ae-gated,mobilenet-none,b5819be05a26e19a12e15165207a34699ea0872ee83ef7f254f03e13ba67c710,0.058230171368848505,0.9570540209326974,0.9277664613142554,-0.029287559618441983,1000,42,440,64,454,0.7833262085914612,0.12488284707069397,0.39622641509433965,0.9359999999999999
ae-gated,mobilenet-srm,cafc629bb512c4d17e95938d505f5074e423951159c65a6e648bdd03b63334d1,0.05357310411418999,0.9456933956014837,0.936829292527822,-0.0088641030736617,1000,54,433,71,442,0.6236061453819275,0.12488284707069397,0.432,0.929
ae-gated,resnet-none,49fea1a4ac3848bcef5d97aa1b589f27099fbd230babae252794e46e1c803470,0.04087505211760852,0.9826733903020667,0.9550170574986752,-0.027656332803391526,1000,26,466,38,470,0.6601723432540894,0.12488284707069397,0.40625,0.962
ae-gated,resnet-srm,b911b7965c081bf36afe5b9bfe2fd5d0c6a8d489baff4873447ddcc88758b016,0.06029556620587342,0.9693544647588765,0.9568097509273981,-0.012544713831478482,1000,36,454,50,460,0.8227594494819641,0.12488284707069397,0.4186046511627907,0.95
ae-vae,clip-none-retry,5708a33496cdd3455df8764f0993ffeb82af18369c4ab8bfea25ebfef23f575a,-0.01872027628456024,0.9819074589295177,0.9519864533651298,-0.029921005564387926,1000,28,529,39,404,0.9416541457176208,0.24014385044574738,0.417910447761194,0.961
ae-vae,clip-srm,572c347c104a9f6cb91e68a27f0939a82558feae78e6a4cf83a68fd7a5b718d1,0.007441419418077934,0.9839982445680976,0.9689735691573927,-0.015024675410704846,1000,15,519,49,417,0.8351477384567261,0.24014385044574738,0.234375,0.951
ae-vae,dino-none,a2bfd13538b3f7948a3cb4d85c1ec5178f6afa9aa605ffc3b67f7a5ff6a2ddb6,-0.004620628458253737,0.992765053656598,0.9795144409114998,-0.0132506127450982,1000,6,555,13,426,0.0145035805180668,0.24014385044574738,0.3157894736842105,0.987
ae-vae,dino-srm,ffe0c880219f7821a6d96566efa74c606108c3a9290c5b050854b05cbe1a39b1,0.028596961262879004,0.9940133147853736,0.9874759870164281,-0.0065373277689454445,1000,12,550,18,420,0.1919327825307846,0.24014385044574738,0.4,0.982
ae-vae,mobilenet-none,b5819be05a26e19a12e15165207a34699ea0872ee83ef7f254f03e13ba67c710,0.021995530186968863,0.9570540209326974,0.9254852278749339,-0.0315687930577635,1000,22,484,84,410,0.7833262085914612,0.24014385044574738,0.20754716981132076,0.916
ae-vae,mobilenet-srm,cafc629bb512c4d17e95938d505f5074e423951159c65a6e648bdd03b63334d1,0.018412251042941224,0.9456933956014837,0.9384646595124536,-0.0072287360890300745,1000,34,477,91,398,0.6236061453819275,0.24014385044574738,0.272,0.909
ae-vae,resnet-none,49fea1a4ac3848bcef5d97aa1b589f27099fbd230babae252794e46e1c803470,0.010900417418503039,0.9826733903020667,0.9536342408585057,-0.029039149443561008,1000,24,528,40,408,0.6601723432540894,0.24014385044574738,0.375,0.96
ae-vae,resnet-srm,b911b7965c081bf36afe5b9bfe2fd5d0c6a8d489baff4873447ddcc88758b016,0.03335069515419499,0.9693544647588765,0.9549259737678856,-0.014428490990990972,1000,20,502,66,412,0.8227594494819641,0.24014385044574738,0.23255813953488372,0.9339999999999999
ae-vae-lpips-cyclic-smoke,clip-none-retry,5708a33496cdd3455df8764f0993ffeb82af18369c4ab8bfea25ebfef23f575a,0.016740669403592753,0.9819074589295177,0.9481195349761526,-0.03378792395336505,1000,30,505,37,428,0.9416541457176208,0.25377461314201355,0.44776119402985076,0.963
ae-vae-lpips-cyclic-smoke,clip-srm,572c347c104a9f6cb91e68a27f0939a82558feae78e6a4cf83a68fd7a5b718d1,0.040010548770826174,0.9839982445680976,0.9665929716481187,-0.017405272919978843,1000,17,495,47,441,0.8351477384567261,0.25377461314201355,0.265625,0.953
ae-vae-lpips-cyclic-smoke,dino-none,a2bfd13538b3f7948a3cb4d85c1ec5178f6afa9aa605ffc3b67f7a5ff6a2ddb6,0.022735173235801744,0.992765053656598,0.9787733505564388,-0.01399170310015918,1000,7,530,12,451,0.0145035805180668,0.25377461314201355,0.3684210526315789,0.988
ae-vae-lpips-cyclic-smoke,dino-srm,ffe0c880219f7821a6d96566efa74c606108c3a9290c5b050854b05cbe1a39b1,0.054603374920462786,0.9940133147853736,0.9861387122416535,-0.007874602543720077,1000,10,522,20,448,0.1919327825307846,0.25377461314201355,0.3333333333333333,0.98
ae-vae-lpips-cyclic-smoke,mobilenet-none,b5819be05a26e19a12e15165207a34699ea0872ee83ef7f254f03e13ba67c710,0.047989222381443104,0.9570540209326974,0.9268763248542661,-0.03017769607843135,1000,31,467,75,427,0.7833262085914612,0.25377461314201355,0.29245283018867924,0.925
ae-vae-lpips-cyclic-smoke,mobilenet-srm,cafc629bb512c4d17e95938d505f5074e423951159c65a6e648bdd03b63334d1,0.03802949450859552,0.9456933956014837,0.9383777159512453,-0.0073156796502383825,1000,43,460,82,415,0.6236061453819275,0.25377461314201355,0.344,0.918
ae-vae-lpips-cyclic-smoke,resnet-none,49fea1a4ac3848bcef5d97aa1b589f27099fbd230babae252794e46e1c803470,0.03886509957817321,0.9826733903020667,0.9520319952305247,-0.030641395071541955,1000,23,501,41,435,0.6601723432540894,0.25377461314201355,0.359375,0.959
ae-vae-lpips-cyclic-smoke,resnet-srm,b911b7965c081bf36afe5b9bfe2fd5d0c6a8d489baff4873447ddcc88758b016,0.05638212922657788,0.9693544647588765,0.9533982511923689,-0.01595621356650767,1000,20,476,66,438,0.8227594494819641,0.25377461314201355,0.23255813953488372,0.9339999999999999
latent,clip-none-retry,5708a33496cdd3455df8764f0993ffeb82af18369c4ab8bfea25ebfef23f575a,0.05198842773386937,0.9819074589295177,0.9411681902490725,-0.040739268680445195,1000,35,444,32,489,0.9416541457176208,0.8006919622421265,0.5223880597014925,0.968
latent,clip-srm,572c347c104a9f6cb91e68a27f0939a82558feae78e6a4cf83a68fd7a5b718d1,0.022014865578578482,0.9839982445680976,0.9696732578166403,-0.014324986751457325,1000,37,449,27,487,0.8351477384567261,0.8006919622421265,0.578125,0.973
latent,dino-none,a2bfd13538b3f7948a3cb4d85c1ec5178f6afa9aa605ffc3b67f7a5ff6a2ddb6,0.03470187568201586,0.992765053656598,0.9799947005829358,-0.012770353073662144,1000,8,465,11,516,0.0145035805180668,0.8006919622421265,0.42105263157894735,0.989
latent,dino-srm,ffe0c880219f7821a6d96566efa74c606108c3a9290c5b050854b05cbe1a39b1,0.036989385704482736,0.9940133147853736,0.9883371422893482,-0.005676172496025367,1000,18,464,12,506,0.1919327825307846,0.8006919622421265,0.6,0.988
latent,mobilenet-none,b5819be05a26e19a12e15165207a34699ea0872ee83ef7f254f03e13ba67c710,0.04944384260907055,0.9570540209326974,0.9312649046104929,-0.025789116322204486,1000,53,423,53,471,0.7833262085914612,0.8006919622421265,0.5,0.947
latent,mobilenet-srm,cafc629bb512c4d17e95938d505f5074e423951159c65a6e648bdd03b63334d1,0.03515637609549001,0.9456933956014837,0.9350572999470059,-0.010636095654477762,1000,66,417,59,458,0.6236061453819275,0.8006919622421265,0.528,0.9410000000000001
latent,resnet-none,49fea1a4ac3848bcef5d97aa1b589f27099fbd230babae252794e46e1c803470,0.03344650120884256,0.9826733903020667,0.953841249337573,-0.028832140964493713,1000,31,443,33,493,0.6601723432540894,0.8006919622421265,0.484375,0.967
latent,resnet-srm,b911b7965c081bf36afe5b9bfe2fd5d0c6a8d489baff4873447ddcc88758b016,0.03759260448368224,0.9693544647588765,0.9579317368839427,-0.011422727874933813,1000,44,434,42,480,0.8227594494819641,0.8006919622421265,0.5116279069767442,0.958
latent-end_to_end-smoke,clip-none-retry,5708a33496cdd3455df8764f0993ffeb82af18369c4ab8bfea25ebfef23f575a,0.07342953308052982,0.9819074589295177,0.9471093335983043,-0.0347981253312134,1000,35,484,32,449,0.9416541457176208,0.8543993234634399,0.5223880597014925,0.968
latent-end_to_end-smoke,clip-srm,572c347c104a9f6cb91e68a27f0939a82558feae78e6a4cf83a68fd7a5b718d1,0.04144796949538946,0.9839982445680976,0.9736146992580816,-0.010383545310015951,1000,26,478,38,458,0.8351477384567261,0.8543993234634399,0.40625,0.962
latent-end_to_end-smoke,dino-none,a2bfd13538b3f7948a3cb4d85c1ec5178f6afa9aa605ffc3b67f7a5ff6a2ddb6,0.060106383281698136,0.992765053656598,0.9817377119766826,-0.01102734167991537,1000,9,506,10,475,0.0145035805180668,0.8543993234634399,0.47368421052631576,0.99
latent-end_to_end-smoke,dino-srm,ffe0c880219f7821a6d96566efa74c606108c3a9290c5b050854b05cbe1a39b1,0.06898384582501327,0.9940133147853736,0.9895419316375199,-0.004471383147853669,1000,14,500,16,470,0.1919327825307846,0.8543993234634399,0.4666666666666667,0.984
latent-end_to_end-smoke,mobilenet-none,b5819be05a26e19a12e15165207a34699ea0872ee83ef7f254f03e13ba67c710,0.0617342128910709,0.9570540209326974,0.9352229067302597,-0.021831114202437774,1000,43,453,63,441,0.7833262085914612,0.8543993234634399,0.4056603773584906,0.937
latent-end_to_end-smoke,mobilenet-srm,cafc629bb512c4d17e95938d505f5074e423951159c65a6e648bdd03b63334d1,0.05719924685138255,0.9456933956014837,0.9368913950715422,-0.008802000529941512,1000,48,439,77,436,0.6236061453819275,0.8543993234634399,0.384,0.923
latent-end_to_end-smoke,resnet-none,49fea1a4ac3848bcef5d97aa1b589f27099fbd230babae252794e46e1c803470,0.05962111428713563,0.9826733903020667,0.9559196144674087,-0.02675377583465799,1000,30,482,34,454,0.6601723432540894,0.8543993234634399,0.46875,0.966
latent-end_to_end-smoke,resnet-srm,b911b7965c081bf36afe5b9bfe2fd5d0c6a8d489baff4873447ddcc88758b016,0.06017012543215284,0.9693544647588765,0.9581449556173821,-0.011209509141494434,1000,33,463,53,451,0.8227594494819641,0.8543993234634399,0.38372093023255816,0.947
latent-recon_finetune-smoke,clip-none-retry,5708a33496cdd3455df8764f0993ffeb82af18369c4ab8bfea25ebfef23f575a,0.06834006332505796,0.9819074589295177,0.939462440381558,-0.04244501854795968,1000,30,463,37,470,0.9416541457176208,0.8558511734008789,0.44776119402985076,0.963
latent-recon_finetune-smoke,clip-srm,572c347c104a9f6cb91e68a27f0939a82558feae78e6a4cf83a68fd7a5b718d1,0.042941272411785976,0.9839982445680976,0.9689363076311606,-0.015061936936937026,1000,26,462,38,474,0.8351477384567261,0.8558511734008789,0.40625,0.962
latent-recon_finetune-smoke,dino-none,a2bfd13538b3f7948a3cb4d85c1ec5178f6afa9aa605ffc3b67f7a5ff6a2ddb6,0.03526496943409828,0.992765053656598,0.9808641361950186,-0.011900917461579397,1000,9,490,10,491,0.0145035805180668,0.8558511734008789,0.47368421052631576,0.99
latent-recon_finetune-smoke,dino-srm,ffe0c880219f7821a6d96566efa74c606108c3a9290c5b050854b05cbe1a39b1,0.04932878819295235,0.9940133147853736,0.9885917627186009,-0.005421552066772639,1000,13,483,17,487,0.1919327825307846,0.8558511734008789,0.43333333333333335,0.983
latent-recon_finetune-smoke,mobilenet-none,b5819be05a26e19a12e15165207a34699ea0872ee83ef7f254f03e13ba67c710,0.05974429414030215,0.9570540209326974,0.9299731717011127,-0.027080849231584714,1000,42,436,64,458,0.7833262085914612,0.8558511734008789,0.39622641509433965,0.9359999999999999
latent-recon_finetune-smoke,mobilenet-srm,cafc629bb512c4d17e95938d505f5074e423951159c65a6e648bdd03b63334d1,0.05496163479628873,0.9456933956014837,0.934125761791203,-0.011567633810280697,1000,56,431,69,444,0.6236061453819275,0.8558511734008789,0.448,0.931
latent-recon_finetune-smoke,resnet-none,49fea1a4ac3848bcef5d97aa1b589f27099fbd230babae252794e46e1c803470,0.05882798350916323,0.9826733903020667,0.9534437930577637,-0.029229597244302963,1000,24,460,40,476,0.6601723432540894,0.8558511734008789,0.375,0.96
latent-recon_finetune-smoke,resnet-srm,b911b7965c081bf36afe5b9bfe2fd5d0c6a8d489baff4873447ddcc88758b016,0.05612371661497808,0.9693544647588765,0.9562384075251722,-0.013116057233704348,1000,36,450,50,464,0.8227594494819641,0.8558511734008789,0.4186046511627907,0.95
residual-end_to_end-smoke,clip-none-retry,5708a33496cdd3455df8764f0993ffeb82af18369c4ab8bfea25ebfef23f575a,0.1577045606312497,0.9819074589295177,0.9565572005829358,-0.02535025834658189,1000,29,364,38,569,0.9416541457176208,0.9926542043685913,0.43283582089552236,0.962
residual-end_to_end-smoke,clip-srm,572c347c104a9f6cb91e68a27f0939a82558feae78e6a4cf83a68fd7a5b718d1,0.16023257535443672,0.9839982445680976,0.9711223171701112,-0.012875927397986375,1000,20,358,44,578,0.8351477384567261,0.9926542043685913,0.3125,0.956
residual-end_to_end-smoke,dino-none,a2bfd13538b3f7948a3cb4d85c1ec5178f6afa9aa605ffc3b67f7a5ff6a2ddb6,0.14417895023788602,0.992765053656598,0.9882833200847907,-0.004481733571807256,1000,11,394,8,587,0.0145035805180668,0.9926542043685913,0.5789473684210527,0.992
residual-end_to_end-smoke,dino-srm,ffe0c880219f7821a6d96566efa74c606108c3a9290c5b050854b05cbe1a39b1,0.16200128911666395,0.9940133147853736,0.9872317170111288,-0.0067815977742448075,1000,15,387,15,583,0.1919327825307846,0.9926542043685913,0.5,0.985
residual-end_to_end-smoke,mobilenet-none,b5819be05a26e19a12e15165207a34699ea0872ee83ef7f254f03e13ba67c710,0.17857598611793268,0.9570540209326974,0.9375786632220455,-0.019475357710651897,1000,46,342,60,552,0.7833262085914612,0.9926542043685913,0.4339622641509434,0.94
residual-end_to_end-smoke,mobilenet-srm,cafc629bb512c4d17e95938d505f5074e423951159c65a6e648bdd03b63334d1,0.1937401713377273,0.9456933956014837,0.9328381690514045,-0.012855226550079202,1000,49,326,76,549,0.6236061453819275,0.9926542043685913,0.392,0.924
residual-end_to_end-smoke,resnet-none,49fea1a4ac3848bcef5d97aa1b589f27099fbd230babae252794e46e1c803470,0.16648653926868062,0.9826733903020667,0.9630655471648119,-0.019607843137254832,1000,27,365,37,571,0.6601723432540894,0.9926542043685913,0.421875,0.963
residual-end_to_end-smoke,resnet-srm,b911b7965c081bf36afe5b9bfe2fd5d0c6a8d489baff4873447ddcc88758b016,0.1919803383290548,0.9693544647588765,0.9550998608903021,-0.014254603868574467,1000,34,350,52,564,0.8227594494819641,0.9926542043685913,0.3953488372093023,0.948
residual-full,clip-none-retry,5708a33496cdd3455df8764f0993ffeb82af18369c4ab8bfea25ebfef23f575a,0.16195562582796627,0.9819074589295177,0.9485583929517754,-0.03334906597774234,1000,26,377,41,556,0.9416541457176208,0.9738444089889526,0.3880597014925373,0.959
residual-full,clip-srm,572c347c104a9f6cb91e68a27f0939a82558feae78e6a4cf83a68fd7a5b718d1,0.16930243116243868,0.9839982445680976,0.9667585784313725,-0.017239666136725118,1000,21,375,43,561,0.8351477384567261,0.9738444089889526,0.328125,0.957
residual-full,dino-none,a2bfd13538b3f7948a3cb4d85c1ec5178f6afa9aa605ffc3b67f7a5ff6a2ddb6,0.14273348947016676,0.992765053656598,0.9880266295707473,-0.004738424085850679,1000,8,407,11,574,0.0145035805180668,0.9738444089889526,0.42105263157894735,0.989
residual-full,dino-srm,ffe0c880219f7821a6d96566efa74c606108c3a9290c5b050854b05cbe1a39b1,0.16687468651031293,0.9940133147853736,0.9850374271330155,-0.008975887652358128,1000,13,401,17,569,0.1919327825307846,0.9738444089889526,0.43333333333333335,0.983
residual-full,mobilenet-none,b5819be05a26e19a12e15165207a34699ea0872ee83ef7f254f03e13ba67c710,0.18060772863482785,0.9570540209326974,0.9316665010598834,-0.02538751987281407,1000,42,354,64,540,0.7833262085914612,0.9738444089889526,0.39622641509433965,0.9359999999999999
residual-full,mobilenet-srm,cafc629bb512c4d17e95938d505f5074e423951159c65a6e648bdd03b63334d1,0.18620579026871467,0.9456933956014837,0.9294018282988872,-0.01629156730259651,1000,47,340,78,535,0.6236061453819275,0.9738444089889526,0.376,0.922
residual-full,resnet-none,49fea1a4ac3848bcef5d97aa1b589f27099fbd230babae252794e46e1c803470,0.1608830436031906,0.9826733903020667,0.9591737877583466,-0.023499602543720077,1000,28,382,36,554,0.6601723432540894,0.9738444089889526,0.4375,0.964
residual-full,resnet-srm,b911b7965c081bf36afe5b9bfe2fd5d0c6a8d489baff4873447ddcc88758b016,0.18628449493660956,0.9693544647588765,0.9541538321409645,-0.015200632617912047,1000,36,368,50,546,0.8227594494819641,0.9738444089889526,0.4186046511627907,0.95
residual-recon_finetune-smoke,clip-none-retry,5708a33496cdd3455df8764f0993ffeb82af18369c4ab8bfea25ebfef23f575a,0.1419857356242232,0.9819074589295177,0.9489061671966085,-0.03300129173290922,1000,24,362,43,571,0.9416541457176208,0.9753900170326233,0.3582089552238806,0.957
residual-recon_finetune-smoke,clip-srm,572c347c104a9f6cb91e68a27f0939a82558feae78e6a4cf83a68fd7a5b718d1,0.161259725150475,0.9839982445680976,0.9642579160042395,-0.0197403285638581,1000,22,363,42,573,0.8351477384567261,0.9753900170326233,0.34375,0.958
residual-recon_finetune-smoke,dino-none,a2bfd13538b3f7948a3cb4d85c1ec5178f6afa9aa605ffc3b67f7a5ff6a2ddb6,0.12827632309471454,0.992765053656598,0.9879728073661898,-0.0047922462904081975,1000,11,397,8,584,0.0145035805180668,0.9753900170326233,0.5789473684210527,0.992
residual-recon_finetune-smoke,dino-srm,ffe0c880219f7821a6d96566efa74c606108c3a9290c5b050854b05cbe1a39b1,0.14976027860226093,0.9940133147853736,0.9852071740858507,-0.008806140699522902,1000,15,390,15,580,0.1919327825307846,0.9753900170326233,0.5,0.985
residual-recon_finetune-smoke,mobilenet-none,b5819be05a26e19a12e15165207a34699ea0872ee83ef7f254f03e13ba67c710,0.1576799922142505,0.9570540209326974,0.9306935612082672,-0.02636045972443024,1000,53,352,53,542,0.7833262085914612,0.9753900170326233,0.5,0.947
residual-recon_finetune-smoke,mobilenet-srm,cafc629bb512c4d17e95938d505f5074e423951159c65a6e648bdd03b63334d1,0.16938258754159366,0.9456933956014837,0.9303996091679916,-0.015293786433492107,1000,60,340,65,535,0.6236061453819275,0.9753900170326233,0.48,0.935
residual-recon_finetune-smoke,resnet-none,49fea1a4ac3848bcef5d97aa1b589f27099fbd230babae252794e46e1c803470,0.14124419896710502,0.9826733903020667,0.9597244303126656,-0.022948959989401052,1000,34,375,30,561,0.6601723432540894,0.9753900170326233,0.53125,0.97
residual-recon_finetune-smoke,resnet-srm,b911b7965c081bf36afe5b9bfe2fd5d0c6a8d489baff4873447ddcc88758b016,0.17430550936620326,0.9693544647588765,0.9530090752517224,-0.01634538950715414,1000,42,361,44,553,0.8227594494819641,0.9753900170326233,0.4883720930232558,0.956
residual-residual_only,clip-none-retry,5708a33496cdd3455df8764f0993ffeb82af18369c4ab8bfea25ebfef23f575a,0.16350569507331877,0.9819074589295177,0.9432651861420244,-0.038642272787493326,1000,36,360,31,573,0.9416541457176208,0.8553685545921326,0.5373134328358209,0.969
residual-residual_only,clip-srm,572c347c104a9f6cb91e68a27f0939a82558feae78e6a4cf83a68fd7a5b718d1,0.1712820837620906,0.9839982445680976,0.963939122946476,-0.0200591216216216,1000,40,367,24,569,0.8351477384567261,0.8553685545921326,0.625,0.976
residual-residual_only,dino-none,a2bfd13538b3f7948a3cb4d85c1ec5178f6afa9aa605ffc3b67f7a5ff6a2ddb6,0.16392217651444707,0.992765053656598,0.9811870694223636,-0.011577984234234395,1000,8,380,11,601,0.0145035805180668,0.8553685545921326,0.42105263157894735,0.989
residual-residual_only,dino-srm,ffe0c880219f7821a6d96566efa74c606108c3a9290c5b050854b05cbe1a39b1,0.18840497062637404,0.9940133147853736,0.9785870429252782,-0.015426271860095375,1000,12,373,18,597,0.1919327825307846,0.8553685545921326,0.4,0.982
residual-residual_only,mobilenet-none,b5819be05a26e19a12e15165207a34699ea0872ee83ef7f254f03e13ba67c710,0.198593524668063,0.9570540209326974,0.9265575317965024,-0.03049648913619507,1000,56,341,50,553,0.7833262085914612,0.8553685545921326,0.5283018867924528,0.95
residual-residual_only,mobilenet-srm,cafc629bb512c4d17e95938d505f5074e423951159c65a6e648bdd03b63334d1,0.20321907349692298,0.9456933956014837,0.9268804650238476,-0.01881293057763611,1000,71,337,54,538,0.6236061453819275,0.8553685545921326,0.568,0.946
residual-residual_only,resnet-none,49fea1a4ac3848bcef5d97aa1b589f27099fbd230babae252794e46e1c803470,0.1814272782942144,0.9826733903020667,0.9524046104928459,-0.030268779809220825,1000,30,357,34,579,0.6601723432540894,0.8553685545921326,0.46875,0.966
residual-residual_only,resnet-srm,b911b7965c081bf36afe5b9bfe2fd5d0c6a8d489baff4873447ddcc88758b016,0.17671677610452818,0.9693544647588765,0.9483265434552199,-0.021027921303656605,1000,48,353,38,561,0.8227594494819641,0.8553685545921326,0.5581395348837209,0.962
residual-x_only,clip-none-retry,5708a33496cdd3455df8764f0993ffeb82af18369c4ab8bfea25ebfef23f575a,0.16471365418931513,0.9819074589295177,0.9433893912294647,-0.03851806770005295,1000,24,361,43,572,0.9416541457176208,0.976669192314148,0.3582089552238806,0.957
residual-x_only,clip-srm,572c347c104a9f6cb91e68a27f0939a82558feae78e6a4cf83a68fd7a5b718d1,0.15575335695854964,0.9839982445680976,0.9642372151563329,-0.01976102941176472,1000,22,362,42,574,0.8351477384567261,0.976669192314148,0.34375,0.958
residual-x_only,dino-none,a2bfd13538b3f7948a3cb4d85c1ec5178f6afa9aa605ffc3b67f7a5ff6a2ddb6,0.12693057435987404,0.992765053656598,0.9857619568097509,-0.007003096846847079,1000,12,397,7,584,0.0145035805180668,0.976669192314148,0.631578947368421,0.993
residual-x_only,dino-srm,ffe0c880219f7821a6d96566efa74c606108c3a9290c5b050854b05cbe1a39b1,0.14701722019406505,0.9940133147853736,0.9839361420243773,-0.010077172760996289,1000,19,393,11,577,0.1919327825307846,0.976669192314148,0.6333333333333333,0.989
residual-x_only,mobilenet-none,b5819be05a26e19a12e15165207a34699ea0872ee83ef7f254f03e13ba67c710,0.17244186732677855,0.9570540209326974,0.9277333399576047,-0.029320680975092772,1000,43,341,63,553,0.7833262085914612,0.976669192314148,0.4056603773584906,0.937
residual-x_only,mobilenet-srm,cafc629bb512c4d17e95938d505f5074e423951159c65a6e648bdd03b63334d1,0.19199419971653717,0.9456933956014837,0.9255431902490727,-0.020150205352410966,1000,53,332,72,543,0.6236061453819275,0.976669192314148,0.424,0.928
residual-x_only,resnet-none,49fea1a4ac3848bcef5d97aa1b589f27099fbd230babae252794e46e1c803470,0.14598242285011254,0.9826733903020667,0.9549508147853737,-0.027722575516692993,1000,28,368,36,568,0.6601723432540894,0.976669192314148,0.4375,0.964
residual-x_only,resnet-srm,b911b7965c081bf36afe5b9bfe2fd5d0c6a8d489baff4873447ddcc88758b016,0.1852109423103672,0.9693544647588765,0.9469478669846316,-0.02240659777424492,1000,33,351,53,563,0.8227594494819641,0.976669192314148,0.38372093023255816,0.947
spatial-latent-mean,clip-none-retry,5708a33496cdd3455df8764f0993ffeb82af18369c4ab8bfea25ebfef23f575a,0.15967629560262306,0.9819074589295177,0.9472004173290939,-0.034707041600423816,1000,35,344,32,589,0.9416541457176208,0.839711606502533,0.5223880597014925,0.968
spatial-latent-mean,clip-srm,572c347c104a9f6cb91e68a27f0939a82558feae78e6a4cf83a68fd7a5b718d1,0.15311643733049818,0.9839982445680976,0.9695449125596185,-0.014453332008479092,1000,41,353,23,583,0.8351477384567261,0.839711606502533,0.640625,0.977
spatial-latent-mean,dino-none,a2bfd13538b3f7948a3cb4d85c1ec5178f6afa9aa605ffc3b67f7a5ff6a2ddb6,0.13597893504630904,0.992765053656598,0.9862794780074192,-0.006485575649178732,1000,13,370,6,611,0.0145035805180668,0.839711606502533,0.6842105263157895,0.994
spatial-latent-mean,dino-srm,ffe0c880219f7821a6d96566efa74c606108c3a9290c5b050854b05cbe1a39b1,0.15744854516264675,0.9940133147853736,0.9881177133015367,-0.005895601483836832,1000,19,365,11,605,0.1919327825307846,0.839711606502533,0.6333333333333333,0.989
spatial-latent-mean,mobilenet-none,b5819be05a26e19a12e15165207a34699ea0872ee83ef7f254f03e13ba67c710,0.17442336954513873,0.9570540209326974,0.9325235161632222,-0.02453050476947527,1000,64,334,42,560,0.7833262085914612,0.839711606502533,0.6037735849056604,0.958
spatial-latent-mean,mobilenet-srm,cafc629bb512c4d17e95938d505f5074e423951159c65a6e648bdd03b63334d1,0.17307582789555515,0.9456933956014837,0.934891693163752,-0.010801702437731708,1000,80,331,45,544,0.6236061453819275,0.839711606502533,0.64,0.955
spatial-latent-mean,resnet-none,49fea1a4ac3848bcef5d97aa1b589f27099fbd230babae252794e46e1c803470,0.1508498115243416,0.9826733903020667,0.9585734631690515,-0.02409992713301523,1000,39,351,25,585,0.6601723432540894,0.839711606502533,0.609375,0.975
spatial-latent-mean,resnet-srm,b911b7965c081bf36afe5b9bfe2fd5d0c6a8d489baff4873447ddcc88758b016,0.1741827218136476,0.9693544647588765,0.9584285572337042,-0.010925907525172307,1000,57,347,29,567,0.8227594494819641,0.839711606502533,0.6627906976744186,0.971
