run,purpose,auc,auc_lower,auc_upper,eer,f1,accuracy,threshold,score_std,runtime_seconds,peak_vram_bytes,peak_rss_kib,trainable_parameters,epochs_completed,global_step,best_epoch,best_metric,method
ae-cae,pilot/min-dataset/development,0.47954342209856915,0.44019047974942177,0.5226728841654091,0.5202702702702703,0.15178571428571427,0.43,0.24163079261779785,0.04048590022461697,11.07894421300034,239370240.0,2332144.0,377203,3,78.0,2.0,0.2377588272679086,
ae-gated,pilot/min-dataset/development,0.509224297827239,0.46587441365081245,0.5451972251560004,0.4932432432432432,0.49037487335359675,0.497,0.12488284707069397,0.03961425306570997,7.6564513889998125,240056320.0,2409880.0,379283,3,78.0,2.0,0.16849638141837775,
ae-vae,pilot/min-dataset/development,0.48253262453630097,0.44715687827494843,0.5265777350759986,0.5135135135135136,0.14992503748125938,0.433,0.24014385044574738,0.03997598366521976,7.734965523999563,241277440.0,2409880.0,508307,3,78.0,2.0,0.23905998760578678,
ae-vae-lpips-cyclic-smoke,pilot/min-dataset/development,0.4956114202437732,0.4550206014554794,0.530331454131056,0.5147058823529411,0.3090676883780332,0.459,0.25377461314201355,0.046482998087598974,7.347868537999602,271265280.0,2612164.0,508307,1,26.0,0.0,0.3311152335475473,
latent,pilot/min-dataset/development,0.5072452967673556,0.4738179506131668,0.5366500772351283,0.484,0.5809859154929577,0.524,0.8006919622421265,0.06224877285320167,10.443804307999926,176044544.0,2896104.0,4354,2,250.0,0.0,0.5072452967673556,
latent-end_to_end-smoke,pilot/min-dataset/development,0.5201253643349232,0.48992801303196326,0.5563403210150827,0.4911894273127753,0.410958904109589,0.484,0.8543993234634399,0.047429601494464464,7.277866808999988,232762368.0,2896104.0,512661,1,125.0,0.0,0.5201253643349232,
latent-recon_finetune-smoke,pilot/min-dataset/development,0.5160866289083201,0.47830301635882344,0.5504201075942763,0.48680904522613067,0.486652977412731,0.5,0.8558511734008789,0.06805834551373786,7.06865784799993,232760320.0,2896104.0,512661,1,125.0,0.0,0.5160866289083201,
residual-end_to_end-smoke,pilot/min-dataset/development,0.6509174615792263,0.6201303966217057,0.6827477492197009,0.3925879396984924,0.5997993981945837,0.601,0.9926542043685913,0.10330812493357554,11.901791170000251,428441088.0,2894604.0,11576693,1,125.0,0.0,0.6509174615792263,
residual-full,pilot/min-dataset/development,0.6373397754372019,0.6031193661423695,0.6695615483149838,0.39701704545454547,0.5743380855397149,0.582,0.9738444089889526,0.12377362580800877,17.570829370999945,389805056.0,2438464.0,11199490,2,250.0,0.0,0.6373397754372019,
residual-recon_finetune-smoke,pilot/min-dataset/development,0.6278277358240594,0.5960141343193375,0.6585757705152916,0.40033783783783783,0.6174242424242424,0.596,0.9753900170326233,0.12734647396284235,11.195983778000027,424236544.0,2859616.0,11576693,1,125.0,0.0,0.6278277358240594,
residual-residual_only,pilot/min-dataset/development,0.611679004372019,0.5791123213254029,0.6414305275674966,0.4353015075376885,0.6813365933170334,0.609,0.8553685545921326,0.14164725224632382,17.447955724000167,392960000.0,2429120.0,11199490,2,250.0,0.0,0.611679004372019,
residual-x_only,pilot/min-dataset/development,0.6194169813195549,0.5806280437067555,0.6498280137757113,0.4222972972972973,0.6085271317829457,0.596,0.976669192314148,0.13978154779094995,23.884208575999764,392960000.0,2411488.0,11199490,2,250.0,0.0,0.6194169813195549,
spatial-latent-mean,pilot/min-dataset/development,0.6021545442501324,0.5658240274922464,0.6377675134680301,0.42060810810810806,0.7001594896331739,0.624,0.839711606502533,0.07290390233392474,7.1529998422192875e-06,,,0,0,,,,fixed arithmetic probability mean; no learned fusion
